Date,구장,원정팀,원정팀점수,홈팀점수,홈팀,연도,원정팀결과,홈팀결과,Wins,Losses,누적승률
03.28(토),광주,LG,1,3,KIA,2015,패,승,1,0,1.0
03.29(일),광주,LG,6,7,KIA,2015,패,승,2,0,1.0
04.01(수),문학,KIA,3,0,SSG,2015,승,패,2,1,0.6666666666666666
04.03(금),수원,KIA,5,0,KT,2015,승,패,2,2,0.5
04.04(토),수원,KIA,10,2,KT,2015,승,패,2,3,0.4
04.05(일),수원,KIA,4,1,KT,2015,승,패,2,4,0.3333333333333333
04.07(화),광주,NC,5,3,KIA,2015,승,패,2,5,0.2857142857142857
04.08(수),광주,NC,13,5,KIA,2015,승,패,2,6,0.25
04.09(목),광주,NC,4,2,KIA,2015,승,패,2,7,0.2222222222222222
04.10(금),대구,KIA,3,4,삼성,2015,패,승,3,7,0.3
04.11(토),대구,KIA,2,5,삼성,2015,패,승,4,7,0.3636363636363636
04.12(일),대구,KIA,9,7,삼성,2015,승,패,4,8,0.3333333333333333
04.15(수),잠실,KIA,9,4,LG,2015,승,패,4,9,0.3076923076923077

04.16(목),잠실,KIA,5,10,LG,2015,패,승,5,9,0.3571428571428571
04.17(금),광주,키움,4,3,KIA,2015,승,패,5,10,0.3333333333333333
04.18(토),광주,키움,5,1,KIA,2015,승,패,5,11,0.3125
04.19(일),광주,키움,15,4,KIA,2015,승,패,5,12,0.2941176470588235
04.21(화),광주,롯데,2,3,KIA,2015,패,승,6,12,0.3333333333333333
04.22(수),광주,롯데,7,6,KIA,2015,승,패,6,13,0.3157894736842105
04.23(목),광주,롯데,6,7,KIA,2015,패,승,7,13,0.35
04.24(금),잠실,KIA,3,7,두산,2015,패,승,8,13,0.3809523809523809
04.25(토),잠실,KIA,5,4,두산,2015,승,패,8,14,0.3636363636363636
04.26(일),잠실,KIA,3,4,두산,2015,패,승,9,14,0.391304347826087
04.29(수),광주,한화,4,9,KIA,2015,패,승,10,14,0.4166666666666667
04.30(목),광주,한화,6,0,KIA,2015,승,패,10,15,0.4
05.01(금),광주,SSG,3,1,KIA,2015,승,패,10,16,0.3846153846153846
05.02(토),광주,SSG,2,5,KIA,2015,패,승,11,16,0.4074074074074074
05.05(화),창원,KIA,3,7,NC,2015,패,승,12,16,0.4285714285714285
05.06(수),창원,KIA,4,5,NC,2015,패,승,13,16,0.4482758620689655
05.07(목),창원,KIA,4,2,NC,2015,승,패,13,17,0.4333333333333333
05.08(금),고척,KIA,4,5,키움,2015,패,승,14,17,0.4516129032258064
05.09(토),고척,KIA,5,7,키움,2015,패,승,15,17,0.46875
05.10(일),고척,KIA,11,6,키움,2015,승,패,15,18,0.4545454545454545
05.12(화),광주,KT,2,3,KIA,2015,패,승,16,18,0.4705882352941176
05.13(수),광주,KT,8,9,KIA,2015,패,승,17,18,0.4857142857142857
05.14(목),광주,KT,2,10,KIA,2015,패,승,18,18,0.5
05.16(토),광주,두산,7,5,KIA,2015,승,패,18,19,0.4864864864864865
05.17(일),광주,두산,3,4,KIA,2015,패,승,19,19,0.5
05.19(화),사직,KIA,3,6,롯데,2015,패,승,20,19,0.5128205128205128
05.20(수),사직,KIA,9,5,롯데,2015,승,패,20,20,0.5
05.21(목),사직,KIA,2,4,롯데,2015,패,승,21,20,0.5121951219512195
05.22(금),광주,삼성,8,1,KIA,2015,승,패,21,21,0.5
05.23(토),광주,삼성,0,1,KIA,2015,패,승,22,21,0.5116279069767442
05.24(일),광주,삼성,0,2,KIA,2015,패,승,23,21,0.5227272727272727
05.26(화),대전,KIA,10,3,한화,2015,승,패,23,22,0.5111111111111111
05.27(수),대전,KIA,4,8,한화,2015,패,승,24,22,0.5217391304347826
05.28(목),대전,KIA,0,3,한화,2015,패,승,25,22,0.5319148936170213
05.29(금),광주,NC,3,13,KIA,2015,패,승,26,22,0.5416666666666666
05.30(토),광주,NC,11,6,KIA,2015,승,패,26,23,0.5306122448979592
05.31(일),광주,NC,7,6,KIA,2015,승,패,26,24,0.52
06.02(화),잠실,KIA,9,1,두산,2015,승,패,26,25,0.5098039215686274
06.03(수),잠실,KIA,1,8,두산,2015,패,승,27,25,0.5192307692307693
06.04(목),잠실,KIA,6,0,두산,2015,승,패,27,26,0.5094339622641509
06.06(토),사직,KIA,2,1,롯데,2015,승,패,27,27,0.5
06.07(일),사직,KIA,2,4,롯데,2015,패,승,28,27,0.509090909090909
06.09(화),광주,키움,4,7,KIA,2015,패,승,29,27,0.5178571428571429
06.10(수),광주,키움,4,3,KIA,2015,승,패,29,28,0.5087719298245614
06.11(목),광주,키움,3,5,KIA,2015,패,승,30,28,0.5172413793103449
06.12(금),광주,삼성,10,2,KIA,2015,승,패,30,29,0.5084745762711864
06.13(토),광주,삼성,4,7,KIA,2015,패,승,31,29,0.5166666666666667
06.16(화),잠실,KIA,4,3,LG,2015,승,패,31,30,0.5081967213114754
06.17(수),잠실,KIA,0,5,LG,2015,패,승,32,30,0.5161290322580645
06.18(목),잠실,KIA,3,5,LG,2015,패,승,33,30,0.5238095238095238
06.19(금),광주,KT,3,7,KIA,2015,패,승,34,30,0.53125
06.21(일),광주,KT,0,7,KIA,2015,패,승,35,30,0.5384615384615384
06.23(화),창원,KIA,7,4,NC,2015,승,패,35,31,0.5303030303030303
06.24(수),창원,KIA,1,8,NC,2015,패,승,36,31,0.5373134328358209
06.26(금),광주,두산,9,1,KIA,2015,승,패,36,32,0.5294117647058824
06.27(토),광주,두산,9,4,KIA,2015,승,패,36,33,0.5217391304347826
06.28(일),광주,두산,1,2,KIA,2015,패,승,37,33,0.5285714285714286
07.01(수),광주,한화,1,6,KIA,2015,패,승,38,33,0.5352112676056338
07.02(목),광주,한화,14,7,KIA,2015,승,패,38,34,0.5277777777777778
07.03(금),수원,KIA,3,10,KT,2015,패,승,39,34,0.5342465753424658
07.04(토),수원,KIA,3,12,KT,2015,패,승,40,34,0.5405405405405406
07.05(일),수원,KIA,2,9,KT,2015,패,승,41,34,0.5466666666666666
07.07(화),고척,KIA,3,1,키움,2015,승,패,41,35,0.5394736842105263
07.08(수),고척,KIA,3,4,키움,2015,패,승,42,35,0.5454545454545454
07.09(목),고척,KIA,4,16,키움,2015,패,승,43,35,0.5512820512820513
07.10(금),문학,KIA,4,7,SSG,2015,패,승,44,35,0.5569620253164557
07.11(토),문학,KIA,0,4,SSG,2015,패,승,45,35,0.5625
07.14(화),광주,LG,3,2,KIA,2015,승,패,45,36,0.5555555555555556
07.16(목),광주,LG,1,15,KIA,2015,패,승,46,36,0.5609756097560976
07.21(화),대구,KIA,2,1,삼성,2015,승,패,46,37,0.5542168674698795
07.22(수),대구,KIA,10,14,삼성,2015,패,승,47,37,0.5595238095238095
07.23(목),대구,KIA,7,2,삼성,2015,승,패,47,38,0.5529411764705883
07.24(금),광주,롯데,8,9,KIA,2015,패,승,48,38,0.5581395348837209
07.25(토),광주,롯데,7,1,KIA,2015,승,패,48,39,0.5517241379310345
07.26(일),광주,롯데,4,2,KIA,2015,승,패,48,40,0.5454545454545454
07.28(화),광주,SSG,3,6,KIA,2015,패,승,49,40,0.550561797752809
07.29(수),광주,SSG,4,5,KIA,2015,패,승,50,40,0.5555555555555556
07.30(목),광주,SSG,4,5,KIA,2015,패,승,51,40,0.5604395604395604
07.31(금),대전,KIA,12,4,한화,2015,승,패,51,41,0.5543478260869565
08.01(토),대전,KIA,9,8,한화,2015,승,패,51,42,0.5483870967741935
08.02(일),대전,KIA,3,2,한화,2015,승,패,51,43,0.5425531914893617
08.04(화),고척,KIA,6,11,키움,2015,패,승,52,43,0.5473684210526316
08.05(수),고척,KIA,2,3,키움,2015,패,승,53,43,0.5520833333333334
08.06(목),광주,KT,7,2,KIA,2015,승,패,53,44,0.5463917525773195
08.07(금),광주,KT,5,6,KIA,2015,패,승,54,44,0.5510204081632653
08.08(토),창원,KIA,2,9,NC,2015,패,승,55,44,0.5555555555555556
08.09(일),창원,KIA,9,2,NC,2015,승,패,55,45,0.55
08.12(수),광주,두산,3,10,KIA,2015,패,승,56,45,0.5544554455445545
08.13(목),광주,삼성,5,2,KIA,2015,승,패,56,46,0.5490196078431373
08.14(금),광주,삼성,1,13,KIA,2015,패,승,57,46,0.5533980582524272
08.15(토),잠실,KIA,2,1,LG,2015,승,패,57,47,0.5480769230769231
08.17(월),잠실,KIA,2,3,LG,2015,패,승,58,47,0.5523809523809524
08.18(화),광주,SSG,2,4,KIA,2015,패,승,59,47,0.5566037735849056
08.19(수),광주,SSG,0,2,KIA,2015,패,승,60,47,0.5607476635514018
08.21(금),사직,KIA,1,9,롯데,2015,패,승,61,47,0.5648148148148148
08.22(토),광주,한화,3,0,KIA,2015,승,패,61,48,0.5596330275229358
08.23(일),광주,한화,4,9,KIA,2015,패,승,62,48,0.5636363636363636
08.25(화),문학,KIA,1,0,SSG,2015,승,패,62,49,0.5585585585585585
08.26(수),문학,KIA,4,5,SSG,2015,패,승,63,49,0.5625
08.27(목),수원,KIA,3,5,KT,2015,패,승,64,49,0.5663716814159292
08.28(금),수원,KIA,0,10,KT,2015,패,승,65,49,0.5701754385964912
08.29(토),광주,키움,14,7,KIA,2015,승,패,65,50,0.5652173913043478
08.30(일),광주,키움,7,2,KIA,2015,승,패,65,51,0.5603448275862069
09.01(화),대전,KIA,2,8,한화,2015,패,승,66,51,0.5641025641025641
09.02(수),대전,KIA,5,4,한화,2015,승,패,66,52,0.559322033898305
09.03(목),광주,롯데,7,5,KIA,2015,승,패,66,53,0.5546218487394958
09.04(금),광주,롯데,4,1,KIA,2015,승,패,66,54,0.55
09.05(토),대구,KIA,4,0,삼성,2015,승,패,66,55,0.5454545454545454
09.06(일),대구,KIA,3,9,삼성,2015,패,승,67,55,0.5491803278688525
09.08(화),광주,NC,5,1,KIA,2015,승,패,67,56,0.5447154471544715
09.09(수),광주,NC,2,6,KIA,2015,패,승,68,56,0.5483870967741935
09.10(목),잠실,KIA,5,3,두산,2015,승,패,68,57,0.544
09.12(토),광주,LG,3,7,KIA,2015,패,승,69,57,0.5476190476190477
09.13(일),광주,LG,5,2,KIA,2015,승,패,69,58,0.5433070866141733
09.15(화),광주,한화,7,3,KIA,2015,승,패,69,59,0.5390625
09.16(수),광주,한화,3,4,KIA,2015,패,승,70,59,0.5426356589147286
09.17(목),광주,KT,3,1,KIA,2015,승,패,70,60,0.5384615384615384
09.19(토),문학,KIA,4,8,SSG,2015,패,승,71,60,0.5419847328244275
09.20(일),문학,KIA,2,9,SSG,2015,패,승,72,60,0.5454545454545454
09.21(월),문학,KIA,7,0,SSG,2015,승,패,72,61,0.5413533834586466
09.22(화),광주,LG,15,5,KIA,2015,승,패,72,62,0.5373134328358209
09.24(목),창원,KIA,5,16,NC,2015,패,승,73,62,0.5407407407407407
09.26(토),광주,SSG,5,7,KIA,2015,패,승,74,62,0.5441176470588235
09.28(월),잠실,KIA,4,8,LG,2015,패,승,75,62,0.5474452554744526
09.29(화),사직,KIA,6,4,롯데,2015,승,패,75,63,0.5434782608695652
09.30(수),사직,KIA,13,1,롯데,2015,승,패,75,64,0.539568345323741
10.02(금),광주,두산,1,2,KIA,2015,패,승,76,64,0.5428571428571428
10.03(토),광주,두산,9,7,KIA,2015,승,패,76,65,0.5390070921985816
10.04(일),잠실,KIA,0,9,두산,2015,패,승,77,65,0.5422535211267606
10.05(월),광주,삼성,6,4,KIA,2015,승,패,77,66,0.5384615384615384
10.06(화),광주,LG,4,2,KIA,2015,승,패,77,67,0.5347222222222222
04.01(금),창원,KIA,4,5,NC,2016,패,승,1,0,1.0
04.02(토),창원,KIA,4,3,NC,2016,승,패,1,1,0.5
04.05(화),광주,LG,1,4,KIA,2016,패,승,2,1,0.6666666666666666
04.07(목),광주,LG,8,4,KIA,2016,승,패,2,2,0.5
04.08(금),수원,KIA,0,4,KT,2016,패,승,3,2,0.6
04.09(토),수원,KIA,6,3,KT,2016,승,패,3,3,0.5
04.10(일),수원,KIA,6,9,KT,2016,패,승,4,3,0.5714285714285714
04.12(화),문학,KIA,7,6,SSG,2016,승,패,4,4,0.5
04.13(수),문학,KIA,0,2,SSG,2016,패,승,5,4,0.5555555555555556
04.14(목),문학,KIA,6,7,SSG,2016,패,승,6,4,0.6
04.15(금),광주,키움,6,11,KIA,2016,패,승,7,4,0.6363636363636364
04.17(일),광주,키움,2,1,KIA,2016,승,패,7,5,0.5833333333333334
04.19(화),광주,삼성,2,7,KIA,2016,패,승,8,5,0.6153846153846154
04.20(수),광주,삼성,2,1,KIA,2016,승,패,8,6,0.5714285714285714
04.21(목),광주,삼성,8,1,KIA,2016,승,패,8,7,0.5333333333333333
04.22(금),사직,KIA,5,7,롯데,2016,패,승,9,7,0.5625
04.23(토),사직,KIA,16,10,롯데,2016,승,패,9,8,0.5294117647058824
04.24(일),사직,KIA,11,4,롯데,2016,승,패,9,9,0.5
04.26(화),대전,KIA,2,4,한화,2016,패,승,10,9,0.5263157894736842
04.28(목),대전,KIA,2,3,한화,2016,패,승,11,9,0.55
04.29(금),광주,두산,1,4,KIA,2016,패,승,12,9,0.5714285714285714
04.30(토),광주,두산,7,5,KIA,2016,승,패,12,10,0.5454545454545454
05.01(일),광주,두산,4,1,KIA,2016,승,패,12,11,0.5217391304347826
05.03(화),광주,롯데,2,3,KIA,2016,패,승,13,11,0.5416666666666666
05.04(수),광주,롯데,2,3,KIA,2016,패,승,14,11,0.56
05.05(목),광주,롯데,1,17,KIA,2016,패,승,15,11,0.5769230769230769
05.06(금),고척,KIA,6,15,키움,2016,패,승,16,11,0.5925925925925926
05.07(토),고척,KIA,3,4,키움,2016,패,승,17,11,0.6071428571428571
05.08(일),고척,KIA,6,7,키움,2016,패,승,18,11,0.6206896551724138
05.11(수),광주,KT,3,8,KIA,2016,패,승,19,11,0.6333333333333333
05.12(목),광주,KT,6,10,KIA,2016,패,승,20,11,0.6451612903225806
05.13(금),광주,한화,2,4,KIA,2016,패,승,21,11,0.65625
05.14(토),광주,한화,0,8,KIA,2016,패,승,22,11,0.6666666666666666
05.15(일),광주,한화,7,8,KIA,2016,패,승,23,11,0.6764705882352942
05.17(화),잠실,KIA,3,4,두산,2016,패,승,24,11,0.6857142857142857
05.18(수),잠실,KIA,5,15,두산,2016,패,승,25,11,0.6944444444444444
05.19(목),잠실,KIA,3,8,두산,2016,패,승,26,11,0.7027027027027027
05.20(금),광주,SSG,4,5,KIA,2016,패,승,27,11,0.7105263157894737
05.21(토),광주,SSG,8,7,KIA,2016,승,패,27,12,0.6923076923076923
05.22(일),광주,SSG,4,7,KIA,2016,패,승,28,12,0.7
05.24(화),대구,KIA,4,2,삼성,2016,승,패,28,13,0.6829268292682927
05.25(수),대구,KIA,3,6,삼성,2016,패,승,29,13,0.6904761904761905
05.26(목),대구,KIA,9,2,삼성,2016,승,패,29,14,0.6744186046511628
05.27(금),광주,NC,13,7,KIA,2016,승,패,29,15,0.6590909090909091
05.28(토),광주,NC,13,5,KIA,2016,승,패,29,16,0.6444444444444445
05.29(일),광주,NC,9,8,KIA,2016,승,패,29,17,0.6304347826086957
05.31(화),잠실,KIA,6,6,LG,2016,무,무,29,18,0.6170212765957447
06.01(수),잠실,KIA,5,1,LG,2016,승,패,29,19,0.6041666666666666
06.02(목),잠실,KIA,1,9,LG,2016,패,승,30,19,0.6122448979591837
06.03(금),광주,키움,9,1,KIA,2016,승,패,30,20,0.6
06.05(일),광주,키움,4,3,KIA,2016,승,패,30,21,0.5882352941176471
06.07(화),대전,KIA,3,5,한화,2016,패,승,31,21,0.5961538461538461
06.08(수),대전,KIA,3,5,한화,2016,패,승,32,21,0.6037735849056604
06.09(목),대전,KIA,12,1,한화,2016,승,패,32,22,0.5925925925925926
06.10(금),광주,삼성,0,4,KIA,2016,패,승,33,22,0.6
06.11(토),광주,삼성,5,4,KIA,2016,승,패,33,23,0.5892857142857143
06.12(일),광주,삼성,10,7,KIA,2016,승,패,33,24,0.5789473684210527
06.14(화),광주,두산,8,6,KIA,2016,승,패,33,25,0.5689655172413793
06.15(수),광주,두산,7,4,KIA,2016,승,패,33,26,0.559322033898305
06.16(목),광주,두산,13,4,KIA,2016,승,패,33,27,0.55
06.17(금),잠실,KIA,6,3,LG,2016,승,패,33,28,0.5409836065573771
06.18(토),잠실,KIA,1,7,LG,2016,패,승,34,28,0.5483870967741935
06.19(일),잠실,KIA,9,5,LG,2016,승,패,34,29,0.5396825396825397
06.21(화),광주,롯데,6,9,KIA,2016,패,승,35,29,0.546875
06.22(수),광주,롯데,18,5,KIA,2016,승,패,35,30,0.5384615384615384
06.23(목),광주,롯데,2,6,KIA,2016,패,승,36,30,0.5454545454545454
06.24(금),창원,KIA,6,2,NC,2016,승,패,36,31,0.5373134328358209
06.25(토),창원,KIA,9,0,NC,2016,승,패,36,32,0.5294117647058824
06.26(일),창원,KIA,15,4,NC,2016,승,패,36,33,0.5217391304347826
06.28(화),광주,LG,2,11,KIA,2016,패,승,37,33,0.5285714285714286
06.29(수),광주,LG,4,5,KIA,2016,패,승,38,33,0.5352112676056338
06.30(목),광주,LG,10,9,KIA,2016,승,패,38,34,0.5277777777777778
07.01(금),고척,KIA,7,10,키움,2016,패,승,39,34,0.5342465753424658
07.02(토),고척,KIA,5,8,키움,2016,패,승,40,34,0.5405405405405406
07.03(일),고척,KIA,6,7,키움,2016,패,승,41,34,0.5466666666666666
07.06(수),수원,KIA,7,0,KT,2016,승,패,41,35,0.5394736842105263
07.07(목),수원,KIA,5,2,KT,2016,승,패,41,36,0.5324675324675324
07.08(금),잠실,KIA,12,6,두산,2016,승,패,41,37,0.5256410256410257
07.09(토),잠실,KIA,6,7,두산,2016,패,승,42,37,0.5316455696202531
07.10(일),잠실,KIA,13,3,두산,2016,승,패,42,38,0.525
07.12(화),광주,SSG,7,3,KIA,2016,승,패,42,39,0.5185185185185185
07.13(수),광주,SSG,3,4,KIA,2016,패,승,43,39,0.524390243902439
07.14(목),광주,SSG,11,4,KIA,2016,승,패,43,40,0.5180722891566265
07.19(화),사직,KIA,6,1,롯데,2016,승,패,43,41,0.5119047619047619
07.20(수),사직,KIA,6,9,롯데,2016,패,승,44,41,0.5176470588235295
07.21(목),사직,KIA,1,10,롯데,2016,패,승,45,41,0.5232558139534884
07.22(금),광주,NC,4,9,KIA,2016,패,승,46,41,0.5287356321839081
07.23(토),광주,NC,5,0,KIA,2016,승,패,46,42,0.5227272727272727
07.24(일),광주,NC,8,2,KIA,2016,승,패,46,43,0.5168539325842697
07.26(화),광주,KT,0,13,KIA,2016,패,승,47,43,0.5222222222222223
07.27(수),광주,KT,3,8,KIA,2016,패,승,48,43,0.5274725274725275
07.28(목),광주,KT,3,9,KIA,2016,패,승,49,43,0.532608695652174
07.29(금),문학,KIA,14,8,SSG,2016,승,패,49,44,0.5268817204301075
07.30(토),문학,KIA,2,1,SSG,2016,승,패,49,45,0.5212765957446809
07.31(일),문학,KIA,6,5,SSG,2016,승,패,49,46,0.5157894736842106
08.02(화),광주,한화,9,10,KIA,2016,패,승,50,46,0.5208333333333334
08.03(수),광주,한화,8,1,KIA,2016,승,패,50,47,0.5154639175257731
08.04(목),광주,한화,5,7,KIA,2016,패,승,51,47,0.5204081632653061
08.05(금),대구,KIA,5,8,삼성,2016,패,승,52,47,0.5252525252525253
08.06(토),대구,KIA,13,6,삼성,2016,승,패,52,48,0.52
08.07(일),대구,KIA,7,11,삼성,2016,패,승,53,48,0.5247524752475248
08.09(화),잠실,KIA,4,11,두산,2016,패,승,54,48,0.5294117647058824
08.10(수),잠실,KIA,12,4,두산,2016,승,패,54,49,0.5242718446601942
08.11(목),고척,KIA,7,8,키움,2016,패,승,55,49,0.5288461538461539
08.12(금),고척,KIA,8,2,키움,2016,승,패,55,50,0.5238095238095238
08.13(토),광주,한화,4,6,KIA,2016,패,승,56,50,0.5283018867924528
08.14(일),광주,한화,3,2,KIA,2016,승,패,56,51,0.5233644859813084
08.16(화),광주,KT,7,4,KIA,2016,승,패,56,52,0.5185185185185185
08.18(목),사직,KIA,3,4,롯데,2016,패,승,57,52,0.5229357798165137
08.19(금),사직,KIA,10,9,롯데,2016,승,패,57,53,0.5181818181818182
08.20(토),광주,LG,2,3,KIA,2016,패,승,58,53,0.5225225225225225
08.21(일),광주,LG,9,8,KIA,2016,승,패,58,54,0.5178571428571429
08.23(화),창원,KIA,1,12,NC,2016,패,승,59,54,0.5221238938053098
08.24(수),창원,KIA,6,3,NC,2016,승,패,59,55,0.5175438596491229
08.25(목),광주,삼성,4,6,KIA,2016,패,승,60,55,0.5217391304347826
08.27(토),광주,두산,3,5,KIA,2016,패,승,61,55,0.5258620689655172
08.28(일),광주,두산,9,0,KIA,2016,승,패,61,56,0.5213675213675214
08.30(화),광주,SSG,9,3,KIA,2016,승,패,61,57,0.5169491525423728
08.31(수),광주,SSG,5,7,KIA,2016,패,승,62,57,0.5210084033613446
09.01(목),대구,KIA,16,8,삼성,2016,승,패,62,58,0.5166666666666667
09.03(토),광주,롯데,2,1,KIA,2016,승,패,62,59,0.512396694214876
09.04(일),광주,롯데,3,4,KIA,2016,패,승,63,59,0.5163934426229508
09.06(화),문학,KIA,0,2,SSG,2016,패,승,64,59,0.5203252032520326
09.07(수),문학,KIA,3,11,SSG,2016,패,승,65,59,0.5241935483870968
09.08(목),광주,NC,4,7,KIA,2016,패,승,66,59,0.528
09.09(금),광주,NC,8,7,KIA,2016,승,패,66,60,0.5238095238095238
09.10(토),수원,KIA,6,9,KT,2016,패,승,67,60,0.5275590551181102
09.11(일),수원,KIA,4,2,KT,2016,승,패,67,61,0.5234375
09.13(화),광주,키움,2,3,KIA,2016,패,승,68,61,0.5271317829457365
09.14(수),광주,키움,7,3,KIA,2016,승,패,68,62,0.5230769230769231
09.15(목),잠실,KIA,3,5,LG,2016,패,승,69,62,0.5267175572519084
09.16(금),잠실,KIA,1,3,LG,2016,패,승,70,62,0.5303030303030303
09.18(일),대전,KIA,3,1,한화,2016,승,패,70,63,0.5263157894736842
09.19(월),대전,KIA,4,2,한화,2016,승,패,70,64,0.5223880597014925
09.20(화),광주,키움,3,4,KIA,2016,패,승,71,64,0.5259259259259259
09.21(수),광주,키움,2,5,KIA,2016,패,승,72,64,0.5294117647058824
09.23(금),창원,KIA,7,11,NC,2016,패,승,73,64,0.5328467153284672
09.25(일),수원,KIA,7,8,KT,2016,패,승,74,64,0.5362318840579711
09.27(화),광주,LG,6,1,KIA,2016,승,패,74,65,0.5323741007194245
10.02(일),광주,KT,1,3,KIA,2016,패,승,75,65,0.5357142857142857
10.03(월),광주,KT,6,9,KIA,2016,패,승,76,65,0.5390070921985816
10.05(수),대구,KIA,4,2,삼성,2016,승,패,76,66,0.5352112676056338
10.06(목),광주,삼성,4,3,KIA,2016,승,패,76,67,0.5314685314685315
10.08(토),대전,KIA,5,6,한화,2016,패,승,77,67,0.5347222222222222
03.31(금),대구,KIA,7,2,삼성,2017,승,패,0,1,0.0
04.01(토),대구,KIA,9,7,삼성,2017,승,패,0,2,0.0
04.02(일),대구,KIA,3,16,삼성,2017,패,승,1,2,0.3333333333333333
04.04(화),광주,SSG,1,6,KIA,2017,패,승,2,2,0.5
04.06(목),광주,SSG,4,6,KIA,2017,패,승,3,2,0.6
04.07(금),광주,한화,2,4,KIA,2017,패,승,4,2,0.6666666666666666
04.08(토),광주,한화,4,3,KIA,2017,승,패,4,3,0.5714285714285714
04.09(일),광주,한화,2,3,KIA,2017,패,승,5,3,0.625
04.11(화),잠실,KIA,4,16,두산,2017,패,승,6,3,0.6666666666666666
04.12(수),잠실,KIA,8,4,두산,2017,승,패,6,4,0.6
04.13(목),잠실,KIA,4,3,두산,2017,승,패,6,5,0.5454545454545454
04.14(금),광주,키움,2,3,KIA,2017,패,승,7,5,0.5833333333333334
04.15(토),광주,키움,2,5,KIA,2017,패,승,8,5,0.6153846153846154
04.16(일),광주,키움,6,7,KIA,2017,패,승,9,5,0.6428571428571429
04.18(화),수원,KIA,5,0,KT,2017,승,패,9,6,0.6
04.19(수),수원,KIA,1,3,KT,2017,패,승,10,6,0.625
04.20(목),수원,KIA,9,2,KT,2017,승,패,10,7,0.5882352941176471
04.21(금),잠실,KIA,2,6,LG,2017,패,승,11,7,0.6111111111111112
04.22(토),잠실,KIA,5,4,LG,2017,승,패,11,8,0.5789473684210527
04.23(일),잠실,KIA,1,7,LG,2017,패,승,12,8,0.6
04.25(화),광주,삼성,3,11,KIA,2017,패,승,13,8,0.6190476190476191
04.26(수),광주,삼성,0,7,KIA,2017,패,승,14,8,0.6363636363636364
04.27(목),광주,삼성,9,16,KIA,2017,패,승,15,8,0.6521739130434783
04.28(금),광주,NC,3,9,KIA,2017,패,승,16,8,0.6666666666666666
04.29(토),광주,NC,8,6,KIA,2017,승,패,16,9,0.64
04.30(일),광주,NC,12,1,KIA,2017,승,패,16,10,0.6153846153846154
05.02(화),고척,KIA,9,3,키움,2017,승,패,16,11,0.5925925925925926
05.03(수),고척,KIA,2,1,키움,2017,승,패,16,12,0.5714285714285714
05.04(목),고척,KIA,1,9,키움,2017,패,승,17,12,0.5862068965517241
05.05(금),사직,KIA,5,3,롯데,2017,승,패,17,13,0.5666666666666667
05.06(토),사직,KIA,3,0,롯데,2017,승,패,17,14,0.5483870967741935
05.07(일),사직,KIA,5,3,롯데,2017,승,패,17,15,0.53125
05.09(화),광주,KT,4,9,KIA,2017,패,승,18,15,0.5454545454545454
05.10(수),광주,KT,3,0,KIA,2017,승,패,18,16,0.5294117647058824
05.11(목),광주,KT,4,2,KIA,2017,승,패,18,17,0.5142857142857142
05.12(금),문학,KIA,2,8,SSG,2017,패,승,19,17,0.5277777777777778
05.13(토),문학,KIA,5,3,SSG,2017,승,패,19,18,0.5135135135135135
05.14(일),문학,KIA,3,4,SSG,2017,패,승,20,18,0.5263157894736842
05.16(화),광주,LG,2,3,KIA,2017,패,승,21,18,0.5384615384615384
05.17(수),광주,LG,3,8,KIA,2017,패,승,22,18,0.55
05.18(목),광주,LG,4,9,KIA,2017,패,승,23,18,0.5609756097560976
05.19(금),광주,두산,7,6,KIA,2017,승,패,23,19,0.5476190476190477
05.20(토),광주,두산,6,0,KIA,2017,승,패,23,20,0.5348837209302325
05.21(일),광주,두산,7,3,KIA,2017,승,패,23,21,0.5227272727272727
05.23(화),대전,KIA,13,8,한화,2017,승,패,23,22,0.5111111111111111
05.24(수),대전,KIA,9,3,한화,2017,승,패,23,23,0.5
05.25(목),대전,KIA,6,4,한화,2017,승,패,23,24,0.4893617021276595
05.26(금),광주,롯데,8,2,KIA,2017,승,패,23,25,0.4791666666666667
05.27(토),광주,롯데,7,15,KIA,2017,패,승,24,25,0.4897959183673469
05.28(일),광주,롯데,4,8,KIA,2017,패,승,25,25,0.5
05.30(화),창원,KIA,9,7,NC,2017,승,패,25,26,0.4901960784313725
05.31(수),창원,KIA,10,2,NC,2017,승,패,25,27,0.4807692307692308
06.01(목),창원,KIA,7,8,NC,2017,패,승,26,27,0.490566037735849
06.02(금),대구,KIA,1,5,삼성,2017,패,승,27,27,0.5
06.03(토),대구,KIA,5,6,삼성,2017,패,승,28,27,0.509090909090909
06.04(일),대구,KIA,13,3,삼성,2017,승,패,28,28,0.5
06.07(수),광주,한화,0,7,KIA,2017,패,승,29,28,0.5087719298245614
06.08(목),광주,한화,4,8,KIA,2017,패,승,30,28,0.5172413793103449
06.09(금),광주,키움,7,5,KIA,2017,승,패,30,29,0.5084745762711864
06.10(토),광주,키움,8,4,KIA,2017,승,패,30,30,0.5
06.11(일),광주,키움,2,6,KIA,2017,패,승,31,30,0.5081967213114754
06.13(화),사직,KIA,10,7,롯데,2017,승,패,31,31,0.5
06.14(수),사직,KIA,6,3,롯데,2017,승,패,31,32,0.492063492063492
06.15(목),사직,KIA,7,5,롯데,2017,승,패,31,33,0.484375
06.16(금),광주,LG,9,8,KIA,2017,승,패,31,34,0.4769230769230769
06.17(토),광주,LG,3,4,KIA,2017,패,승,32,34,0.4848484848484848
06.18(일),광주,LG,16,8,KIA,2017,승,패,32,35,0.4776119402985074
06.21(수),광주,두산,8,20,KIA,2017,패,승,33,35,0.4852941176470588
06.22(목),광주,두산,5,11,KIA,2017,패,승,34,35,0.4927536231884058
06.23(금),창원,KIA,1,4,NC,2017,패,승,35,35,0.5
06.24(토),창원,KIA,1,6,NC,2017,패,승,36,35,0.5070422535211268
06.25(일),창원,KIA,6,9,NC,2017,패,승,37,35,0.5138888888888888
06.27(화),광주,삼성,4,11,KIA,2017,패,승,38,35,0.5205479452054794
06.28(수),광주,삼성,4,13,KIA,2017,패,승,39,35,0.527027027027027
06.29(목),광주,삼성,1,22,KIA,2017,패,승,40,35,0.5333333333333333
06.30(금),잠실,KIA,10,6,LG,2017,승,패,40,36,0.5263157894736842
07.01(토),잠실,KIA,10,4,LG,2017,승,패,40,37,0.5194805194805194
07.02(일),잠실,KIA,13,4,LG,2017,승,패,40,38,0.5128205128205128
07.04(화),문학,KIA,15,6,SSG,2017,승,패,40,39,0.5063291139240507
07.05(수),문학,KIA,17,18,SSG,2017,패,승,41,39,0.5125
07.06(목),문학,KIA,5,3,SSG,2017,승,패,41,40,0.5061728395061729
07.08(토),수원,KIA,20,8,KT,2017,승,패,41,41,0.5
07.11(화),광주,NC,4,7,KIA,2017,패,승,42,41,0.5060240963855421
07.12(수),광주,NC,6,7,KIA,2017,패,승,43,41,0.5119047619047619
07.13(목),광주,NC,1,7,KIA,2017,패,승,44,41,0.5176470588235295
07.18(화),고척,KIA,4,3,키움,2017,승,패,44,42,0.5116279069767442
07.19(수),고척,KIA,2,4,키움,2017,패,승,45,42,0.5172413793103449
07.20(목),고척,KIA,8,7,키움,2017,승,패,45,43,0.5113636363636364
07.21(금),광주,롯데,4,3,KIA,2017,승,패,45,44,0.5056179775280899
07.22(토),광주,롯데,1,0,KIA,2017,승,패,45,45,0.5
07.23(일),광주,롯데,3,1,KIA,2017,승,패,45,46,0.4945054945054945
07.25(화),광주,SSG,10,11,KIA,2017,패,승,46,46,0.5
07.26(수),광주,SSG,7,8,KIA,2017,패,승,47,46,0.5053763440860215
07.27(목),광주,SSG,1,9,KIA,2017,패,승,48,46,0.5106382978723404
07.28(금),잠실,KIA,3,3,두산,2017,무,무,48,47,0.5052631578947369
07.29(토),잠실,KIA,2,1,두산,2017,승,패,48,48,0.5
07.30(일),잠실,KIA,4,6,두산,2017,패,승,49,48,0.5051546391752577
08.01(화),광주,KT,15,7,KIA,2017,승,패,49,49,0.5
08.03(목),광주,KT,3,9,KIA,2017,패,승,50,49,0.5050505050505051
08.04(금),대전,KIA,3,7,한화,2017,패,승,51,49,0.51
08.05(토),대전,KIA,7,1,한화,2017,승,패,51,50,0.504950495049505
08.08(화),광주,키움,5,3,KIA,2017,승,패,51,51,0.5
08.09(수),광주,키움,1,10,KIA,2017,패,승,52,51,0.5048543689320388
08.11(금),수원,KIA,8,9,KT,2017,패,승,53,51,0.5096153846153846
08.12(토),광주,LG,10,11,KIA,2017,패,승,54,51,0.5142857142857142
08.15(화),광주,NC,2,4,KIA,2017,패,승,55,51,0.5188679245283019
08.16(수),광주,NC,3,4,KIA,2017,패,승,56,51,0.5233644859813084
08.17(목),잠실,KIA,1,4,두산,2017,패,승,57,51,0.5277777777777778
08.18(금),잠실,KIA,1,2,두산,2017,패,승,58,51,0.5321100917431193
08.19(토),광주,SSG,13,1,KIA,2017,승,패,58,52,0.5272727272727272
08.22(화),광주,롯데,7,3,KIA,2017,승,패,58,53,0.5225225225225225
08.23(수),광주,롯데,7,5,KIA,2017,승,패,58,54,0.5178571428571429
08.25(금),대전,KIA,3,6,한화,2017,패,승,59,54,0.5221238938053098
08.26(토),창원,KIA,8,7,NC,2017,승,패,59,55,0.5175438596491229
08.27(일),창원,KIA,4,5,NC,2017,패,승,60,55,0.5217391304347826
08.29(화),대구,KIA,10,9,삼성,2017,승,패,60,56,0.5172413793103449
08.30(수),대구,KIA,5,1,삼성,2017,승,패,60,57,0.5128205128205128
08.31(목),광주,두산,4,9,KIA,2017,패,승,61,57,0.5169491525423728
09.01(금),광주,두산,3,5,KIA,2017,패,승,62,57,0.5210084033613446
09.02(토),고척,KIA,7,4,키움,2017,승,패,62,58,0.5166666666666667
09.03(일),고척,KIA,7,8,키움,2017,패,승,63,58,0.5206611570247934
09.05(화),잠실,KIA,3,4,LG,2017,패,승,64,58,0.5245901639344263
09.06(수),잠실,KIA,0,6,LG,2017,패,승,65,58,0.5284552845528455
09.07(목),광주,한화,11,2,KIA,2017,승,패,65,59,0.5241935483870968
09.08(금),광주,한화,5,9,KIA,2017,패,승,66,59,0.528
09.09(토),광주,삼성,5,6,KIA,2017,패,승,67,59,0.5317460317460317
09.10(일),광주,삼성,9,6,KIA,2017,승,패,67,60,0.5275590551181102
09.12(화),문학,KIA,6,2,SSG,2017,승,패,67,61,0.5234375
09.13(수),문학,KIA,10,15,SSG,2017,패,승,68,61,0.5271317829457365
09.14(목),사직,KIA,11,2,롯데,2017,승,패,68,62,0.5230769230769231
09.15(금),사직,KIA,3,4,롯데,2017,패,승,69,62,0.5267175572519084
09.16(토),광주,KT,3,17,KIA,2017,패,승,70,62,0.5303030303030303
09.17(일),광주,KT,3,4,KIA,2017,패,승,71,62,0.5338345864661654
09.19(화),광주,SSG,7,4,KIA,2017,승,패,71,63,0.5298507462686567
09.20(수),광주,SSG,4,3,KIA,2017,승,패,71,64,0.5259259259259259
09.22(금),광주,두산,6,0,KIA,2017,승,패,71,65,0.5220588235294118
09.23(토),광주,KT,3,8,KIA,2017,패,승,72,65,0.5255474452554745
09.24(일),광주,한화,5,0,KIA,2017,승,패,72,66,0.5217391304347826
09.26(화),광주,LG,0,6,KIA,2017,패,승,73,66,0.5251798561151079
09.28(목),대전,KIA,7,4,한화,2017,승,패,73,67,0.5214285714285715
09.29(금),대전,KIA,7,2,한화,2017,승,패,73,68,0.5177304964539007
10.01(일),수원,KIA,2,20,KT,2017,패,승,74,68,0.5211267605633803
10.02(월),수원,KIA,5,3,KT,2017,승,패,74,69,0.5174825174825175
10.03(화),수원,KIA,10,2,KT,2017,승,패,74,70,0.5138888888888888
03.24(토),광주,KT,5,4,KIA,2018,승,패,0,1,0.0
03.25(일),광주,KT,1,14,KIA,2018,패,승,1,1,0.5
03.27(화),광주,삼성,0,17,KIA,2018,패,승,2,1,0.6666666666666666
03.28(수),광주,삼성,6,0,KIA,2018,승,패,2,2,0.5
03.29(목),광주,삼성,0,7,KIA,2018,패,승,3,2,0.6
03.30(금),잠실,KIA,4,3,LG,2018,승,패,3,3,0.5
03.31(토),잠실,KIA,4,6,LG,2018,패,승,4,3,0.5714285714285714
04.01(일),잠실,KIA,5,6,LG,2018,패,승,5,3,0.625
04.03(화),문학,KIA,3,13,SSG,2018,패,승,6,3,0.6666666666666666
04.04(수),문학,KIA,9,6,SSG,2018,승,패,6,4,0.6
04.06(금),광주,키움,5,11,KIA,2018,패,승,7,4,0.6363636363636364
04.07(토),광주,키움,1,5,KIA,2018,패,승,8,4,0.6666666666666666
04.08(일),광주,키움,3,4,KIA,2018,패,승,9,4,0.6923076923076923
04.10(화),대전,KIA,3,4,한화,2018,패,승,10,4,0.7142857142857143
04.11(수),대전,KIA,4,6,한화,2018,패,승,11,4,0.7333333333333333
04.12(목),대전,KIA,4,15,한화,2018,패,승,12,4,0.75
04.13(금),광주,롯데,8,4,KIA,2018,승,패,12,5,0.7058823529411765
04.17(화),광주,LG,4,5,KIA,2018,패,승,13,5,0.7222222222222222
04.18(수),광주,LG,3,4,KIA,2018,패,승,14,5,0.7368421052631579
04.19(목),광주,LG,4,8,KIA,2018,패,승,15,5,0.75
04.20(금),잠실,KIA,4,6,두산,2018,패,승,16,5,0.7619047619047619
04.21(토),잠실,KIA,5,10,두산,2018,패,승,17,5,0.7727272727272727
04.22(일),잠실,KIA,14,4,두산,2018,승,패,17,6,0.7391304347826086
04.25(수),광주,한화,3,2,KIA,2018,승,패,17,7,0.7083333333333334
04.26(목),광주,한화,3,1,KIA,2018,승,패,17,8,0.68
04.27(금),수원,KIA,8,3,KT,2018,승,패,17,9,0.6538461538461539
04.28(토),수원,KIA,2,9,KT,2018,패,승,18,9,0.6666666666666666
04.29(일),수원,KIA,3,5,KT,2018,패,승,19,9,0.6785714285714286
05.01(화),사직,KIA,0,4,롯데,2018,패,승,20,9,0.6896551724137931
05.02(수),사직,KIA,12,6,롯데,2018,승,패,20,10,0.6666666666666666
05.03(목),사직,KIA,4,5,롯데,2018,패,승,21,10,0.6774193548387096
05.04(금),광주,NC,6,5,KIA,2018,승,패,21,11,0.65625
05.05(토),광주,NC,4,12,KIA,2018,패,승,22,11,0.6666666666666666
05.06(일),광주,NC,3,11,KIA,2018,패,승,23,11,0.6764705882352942
05.08(화),광주,두산,0,10,KIA,2018,패,승,24,11,0.6857142857142857
05.09(수),광주,두산,13,7,KIA,2018,승,패,24,12,0.6666666666666666
05.10(목),광주,두산,5,6,KIA,2018,패,승,25,12,0.6756756756756757
05.11(금),대구,KIA,3,8,삼성,2018,패,승,26,12,0.6842105263157895
05.13(일),대구,KIA,8,7,삼성,2018,승,패,26,13,0.6666666666666666
05.15(화),고척,KIA,2,1,키움,2018,승,패,26,14,0.65
05.16(수),고척,KIA,7,8,키움,2018,패,승,27,14,0.6585365853658537
05.17(목),고척,KIA,2,8,키움,2018,패,승,28,14,0.6666666666666666
05.18(금),광주,SSG,1,5,KIA,2018,패,승,29,14,0.6744186046511628
05.19(토),광주,SSG,1,2,KIA,2018,패,승,30,14,0.6818181818181818
05.20(일),광주,SSG,3,8,KIA,2018,패,승,31,14,0.6888888888888889
05.22(화),광주,KT,5,8,KIA,2018,패,승,32,14,0.6956521739130435
05.23(수),광주,KT,9,8,KIA,2018,승,패,32,15,0.6808510638297872
05.24(목),광주,KT,13,1,KIA,2018,승,패,32,16,0.6666666666666666
05.25(금),창원,KIA,14,2,NC,2018,승,패,32,17,0.6530612244897959
05.26(토),창원,KIA,0,5,NC,2018,패,승,33,17,0.66
05.27(일),창원,KIA,12,1,NC,2018,승,패,33,18,0.6470588235294118
05.29(화),광주,키움,12,8,KIA,2018,승,패,33,19,0.6346153846153846
05.30(수),광주,키움,6,1,KIA,2018,승,패,33,20,0.6226415094339622
05.31(목),광주,키움,0,5,KIA,2018,패,승,34,20,0.6296296296296297
06.01(금),광주,두산,5,3,KIA,2018,승,패,34,21,0.6181818181818182
06.02(토),광주,두산,10,0,KIA,2018,승,패,34,22,0.6071428571428571
06.03(일),광주,두산,11,12,KIA,2018,패,승,35,22,0.6140350877192983
06.05(화),수원,KIA,11,2,KT,2018,승,패,35,23,0.603448275862069
06.06(수),수원,KIA,5,2,KT,2018,승,패,35,24,0.5932203389830508
06.07(목),수원,KIA,2,1,KT,2018,승,패,35,25,0.5833333333333334
06.08(금),사직,KIA,6,9,롯데,2018,패,승,36,25,0.5901639344262295
06.09(토),사직,KIA,7,5,롯데,2018,승,패,36,26,0.5806451612903226
06.12(화),광주,SSG,0,4,KIA,2018,패,승,37,26,0.5873015873015873
06.13(수),광주,SSG,5,4,KIA,2018,승,패,37,27,0.578125
06.14(목),광주,SSG,9,2,KIA,2018,승,패,37,28,0.5692307692307692
06.15(금),잠실,KIA,3,4,LG,2018,패,승,38,28,0.5757575757575758
06.16(토),잠실,KIA,3,4,LG,2018,패,승,39,28,0.582089552238806
06.17(일),잠실,KIA,6,9,LG,2018,패,승,40,28,0.5882352941176471
06.20(수),광주,NC,5,6,KIA,2018,패,승,41,28,0.5942028985507246
06.21(목),광주,NC,7,4,KIA,2018,승,패,41,29,0.5857142857142857
06.22(금),고척,KIA,8,5,키움,2018,승,패,41,30,0.5774647887323944
06.23(토),고척,KIA,4,9,키움,2018,패,승,42,30,0.5833333333333334
06.24(일),고척,KIA,14,10,키움,2018,승,패,42,31,0.5753424657534246
06.27(수),문학,KIA,2,3,SSG,2018,패,승,43,31,0.581081081081081
06.29(금),잠실,KIA,7,4,두산,2018,승,패,43,32,0.5733333333333334
06.30(토),잠실,KIA,2,12,두산,2018,패,승,44,32,0.5789473684210527
07.03(화),광주,한화,2,9,KIA,2018,패,승,45,32,0.5844155844155844
07.04(수),광주,한화,4,6,KIA,2018,패,승,46,32,0.5897435897435898
07.05(목),광주,한화,8,2,KIA,2018,승,패,46,33,0.5822784810126582
07.06(금),광주,LG,4,13,KIA,2018,패,승,47,33,0.5875
07.07(토),광주,LG,13,10,KIA,2018,승,패,47,34,0.5802469135802469
07.08(일),광주,LG,8,1,KIA,2018,승,패,47,35,0.573170731707317
07.10(화),창원,KIA,6,8,NC,2018,패,승,48,35,0.5783132530120482
07.11(수),창원,KIA,1,5,NC,2018,패,승,49,35,0.5833333333333334
07.12(목),창원,KIA,3,4,NC,2018,패,승,50,35,0.5882352941176471
07.17(화),광주,삼성,3,6,KIA,2018,패,승,51,35,0.5930232558139535
07.18(수),광주,삼성,7,1,KIA,2018,승,패,51,36,0.5862068965517241
07.19(목),광주,삼성,6,2,KIA,2018,승,패,51,37,0.5795454545454546
07.20(금),광주,KT,4,6,KIA,2018,패,승,52,37,0.5842696629213483
07.21(토),광주,KT,2,8,KIA,2018,패,승,53,37,0.5888888888888889
07.22(일),광주,KT,6,5,KIA,2018,승,패,53,38,0.5824175824175825
07.24(화),대전,KIA,0,5,한화,2018,패,승,54,38,0.5869565217391305
07.25(수),대전,KIA,11,3,한화,2018,승,패,54,39,0.5806451612903226
07.26(목),대전,KIA,3,6,한화,2018,패,승,55,39,0.5851063829787234
07.27(금),대구,KIA,10,11,삼성,2018,패,승,56,39,0.5894736842105263
07.28(토),대구,KIA,2,3,삼성,2018,패,승,57,39,0.59375
07.29(일),대구,KIA,1,13,삼성,2018,패,승,58,39,0.5979381443298969
07.31(화),광주,롯데,1,4,KIA,2018,패,승,59,39,0.6020408163265306
08.01(수),광주,롯데,1,8,KIA,2018,패,승,60,39,0.6060606060606061
08.02(목),광주,롯데,9,6,KIA,2018,승,패,60,40,0.6
08.04(토),광주,두산,5,13,KIA,2018,패,승,61,40,0.6039603960396039
08.05(일),광주,두산,3,6,KIA,2018,패,승,62,40,0.6078431372549019
08.07(화),고척,KIA,1,9,키움,2018,패,승,63,40,0.6116504854368932
08.08(수),고척,KIA,6,7,키움,2018,패,승,64,40,0.6153846153846154
08.09(목),광주,롯데,11,4,KIA,2018,승,패,64,41,0.6095238095238096
08.11(토),문학,KIA,18,4,SSG,2018,승,패,64,42,0.6037735849056604
08.12(일),문학,KIA,21,8,SSG,2018,승,패,64,43,0.5981308411214953
08.14(화),광주,LG,8,14,KIA,2018,패,승,65,43,0.6018518518518519
08.15(수),광주,LG,13,4,KIA,2018,승,패,65,44,0.5963302752293578
08.16(목),사직,KIA,6,8,롯데,2018,패,승,66,44,0.6
09.04(화),잠실,KIA,10,5,두산,2018,승,패,66,45,0.5945945945945946
09.05(수),잠실,KIA,1,14,두산,2018,패,승,67,45,0.5982142857142857
09.06(목),광주,키움,2,7,KIA,2018,패,승,68,45,0.6017699115044248
09.07(금),광주,키움,5,7,KIA,2018,패,승,69,45,0.6052631578947368
09.08(토),광주,삼성,4,12,KIA,2018,패,승,70,45,0.6086956521739131
09.09(일),광주,삼성,6,5,KIA,2018,승,패,70,46,0.603448275862069
09.11(화),창원,KIA,7,10,NC,2018,패,승,71,46,0.6068376068376068
09.12(수),창원,KIA,4,5,NC,2018,패,승,72,46,0.6101694915254238
09.14(금),사직,KIA,9,5,롯데,2018,승,패,72,47,0.6050420168067226
09.15(토),광주,SSG,2,4,KIA,2018,패,승,73,47,0.6083333333333333
09.16(일),광주,SSG,6,7,KIA,2018,패,승,74,47,0.6115702479338843
09.18(화),대구,KIA,18,3,삼성,2018,승,패,74,48,0.6065573770491803
09.19(수),대구,KIA,8,9,삼성,2018,패,승,75,48,0.6097560975609756
09.20(목),광주,NC,6,7,KIA,2018,패,승,76,48,0.6129032258064516
09.21(금),광주,NC,4,6,KIA,2018,패,승,77,48,0.616
09.22(토),대전,KIA,11,5,한화,2018,승,패,77,49,0.6111111111111112
09.23(일),대전,KIA,6,8,한화,2018,패,승,78,49,0.6141732283464567
09.25(화),수원,KIA,9,7,KT,2018,승,패,78,50,0.609375
09.26(수),수원,KIA,2,9,KT,2018,패,승,79,50,0.6124031007751938
09.27(목),잠실,KIA,1,9,LG,2018,패,승,80,50,0.6153846153846154
09.28(금),잠실,KIA,6,2,LG,2018,승,패,80,51,0.6106870229007634
09.29(토),광주,한화,3,4,KIA,2018,패,승,81,51,0.6136363636363636
09.30(일),광주,한화,4,6,KIA,2018,패,승,82,51,0.6165413533834586
10.02(화),광주,NC,6,5,KIA,2018,승,패,82,52,0.6119402985074627
10.03(수),대구,KIA,5,20,삼성,2018,패,승,83,52,0.6148148148148148
10.04(목),문학,KIA,7,3,SSG,2018,승,패,83,53,0.6102941176470589
10.06(토),문학,KIA,8,4,SSG,2018,승,패,83,54,0.6058394160583942
10.06(토),문학,KIA,5,7,SSG,2018,패,승,84,54,0.6086956521739131
10.07(일),잠실,KIA,4,7,두산,2018,패,승,85,54,0.6115107913669064
10.09(화),사직,KIA,10,11,롯데,2018,패,승,86,54,0.6142857142857143
10.10(수),광주,한화,1,6,KIA,2018,패,승,87,54,0.6170212765957447
10.11(목),광주,롯데,4,0,KIA,2018,승,패,87,55,0.6126760563380281
10.12(금),광주,롯데,4,6,KIA,2018,패,승,88,55,0.6153846153846154
10.13(토),광주,롯데,5,1,KIA,2018,승,패,88,56,0.6111111111111112
03.23(토),광주,LG,2,0,KIA,2019,승,패,0,1,0.0
03.24(일),광주,LG,9,3,KIA,2019,승,패,0,2,0.0
03.26(화),광주,한화,13,7,KIA,2019,승,패,0,3,0.0
03.27(수),광주,한화,4,9,KIA,2019,패,승,1,3,0.25
03.28(목),광주,한화,4,6,KIA,2019,패,승,2,3,0.4
03.29(금),수원,KIA,3,6,KT,2019,패,승,3,3,0.5
03.30(토),수원,KIA,2,6,KT,2019,패,승,4,3,0.5714285714285714
03.31(일),수원,KIA,4,2,KT,2019,승,패,4,4,0.5
04.02(화),대구,KIA,4,1,삼성,2019,승,패,4,5,0.4444444444444444
04.03(수),대구,KIA,3,6,삼성,2019,패,승,5,5,0.5
04.04(목),대구,KIA,7,12,삼성,2019,패,승,6,5,0.5454545454545454
04.05(금),광주,키움,4,6,KIA,2019,패,승,7,5,0.5833333333333334
04.06(토),광주,키움,14,4,KIA,2019,승,패,7,6,0.5384615384615384
04.10(수),광주,NC,1,2,KIA,2019,패,승,8,6,0.5714285714285714
04.11(목),광주,NC,4,2,KIA,2019,승,패,8,7,0.5333333333333333
04.12(금),문학,KIA,4,4,SSG,2019,무,무,8,8,0.5
04.13(토),문학,KIA,6,4,SSG,2019,승,패,8,9,0.4705882352941176
04.14(일),문학,KIA,4,2,SSG,2019,승,패,8,10,0.4444444444444444
04.16(화),사직,KIA,9,10,롯데,2019,패,승,9,10,0.4736842105263157
04.17(수),사직,KIA,6,8,롯데,2019,패,승,10,10,0.5
04.18(목),사직,KIA,9,10,롯데,2019,패,승,11,10,0.5238095238095238
04.19(금),광주,두산,8,6,KIA,2019,승,패,11,11,0.5
04.20(토),광주,두산,10,1,KIA,2019,승,패,11,12,0.4782608695652174
04.21(일),광주,두산,9,2,KIA,2019,승,패,11,13,0.4583333333333333
04.23(화),잠실,KIA,2,9,LG,2019,패,승,12,13,0.48
04.24(수),잠실,KIA,3,10,LG,2019,패,승,13,13,0.5
04.26(금),고척,KIA,4,8,키움,2019,패,승,14,13,0.5185185185185185
04.27(토),고척,KIA,6,4,키움,2019,승,패,14,14,0.5
04.28(일),고척,KIA,5,13,키움,2019,패,승,15,14,0.5172413793103449
04.30(화),광주,삼성,0,8,KIA,2019,패,승,16,14,0.5333333333333333
05.01(수),광주,삼성,10,2,KIA,2019,승,패,16,15,0.5161290322580645
05.02(목),광주,삼성,1,8,KIA,2019,패,승,17,15,0.53125
05.03(금),창원,KIA,8,4,NC,2019,승,패,17,16,0.5151515151515151
05.04(토),창원,KIA,1,4,NC,2019,패,승,18,16,0.5294117647058824
05.05(일),창원,KIA,3,10,NC,2019,패,승,19,16,0.5428571428571428
05.07(화),잠실,KIA,3,4,두산,2019,패,승,20,16,0.5555555555555556
05.08(수),잠실,KIA,0,1,두산,2019,패,승,21,16,0.5675675675675675
05.09(목),잠실,KIA,5,3,두산,2019,승,패,21,17,0.5526315789473685
05.10(금),광주,SSG,4,1,KIA,2019,승,패,21,18,0.5384615384615384
05.11(토),광주,SSG,10,3,KIA,2019,승,패,21,19,0.525
05.12(일),광주,SSG,4,3,KIA,2019,승,패,21,20,0.5121951219512195
05.14(화),광주,KT,6,1,KIA,2019,승,패,21,21,0.5
05.15(수),광주,KT,7,4,KIA,2019,승,패,21,22,0.4883720930232558
05.16(목),광주,KT,6,3,KIA,2019,승,패,21,23,0.4772727272727273
05.17(금),대전,KIA,5,2,한화,2019,승,패,21,24,0.4666666666666667
05.18(토),대전,KIA,2,5,한화,2019,패,승,22,24,0.4782608695652174
05.19(일),대전,KIA,5,0,한화,2019,승,패,22,25,0.4680851063829787
05.21(화),광주,롯데,6,10,KIA,2019,패,승,23,25,0.4791666666666667
05.22(수),광주,롯데,5,6,KIA,2019,패,승,24,25,0.4897959183673469
05.23(목),광주,롯데,1,3,KIA,2019,패,승,25,25,0.5
05.24(금),광주,KT,5,7,KIA,2019,패,승,26,25,0.5098039215686274
05.25(토),광주,KT,3,10,KIA,2019,패,승,27,25,0.5192307692307693
05.26(일),광주,KT,5,17,KIA,2019,패,승,28,25,0.5283018867924528
05.28(화),대전,KIA,0,2,한화,2019,패,승,29,25,0.5370370370370371
05.29(수),대전,KIA,3,1,한화,2019,승,패,29,26,0.5272727272727272
05.30(목),대전,KIA,3,2,한화,2019,승,패,29,27,0.5178571428571429
05.31(금),광주,키움,2,3,KIA,2019,패,승,30,27,0.5263157894736842
06.01(토),광주,키움,4,0,KIA,2019,승,패,30,28,0.5172413793103449
06.02(일),광주,키움,6,5,KIA,2019,승,패,30,29,0.5084745762711864
06.04(화),광주,두산,7,2,KIA,2019,승,패,30,30,0.5
06.05(수),광주,두산,5,4,KIA,2019,승,패,30,31,0.4918032786885246
06.06(목),광주,두산,3,12,KIA,2019,패,승,31,31,0.5
06.07(금),창원,KIA,1,2,NC,2019,패,승,32,31,0.5079365079365079
06.08(토),창원,KIA,4,5,NC,2019,패,승,33,31,0.515625
06.09(일),창원,KIA,3,4,NC,2019,패,승,34,31,0.5230769230769231
06.11(화),광주,삼성,1,7,KIA,2019,패,승,35,31,0.5303030303030303
06.12(수),광주,삼성,3,7,KIA,2019,패,승,36,31,0.5373134328358209
06.13(목),광주,삼성,2,3,KIA,2019,패,승,37,31,0.5441176470588235
06.15(토),사직,KIA,0,7,롯데,2019,패,승,38,31,0.5507246376811594
06.16(일),사직,KIA,5,10,롯데,2019,패,승,39,31,0.5571428571428572
06.18(화),광주,SSG,2,4,KIA,2019,패,승,40,31,0.5633802816901409
06.19(수),광주,SSG,7,1,KIA,2019,승,패,40,32,0.5555555555555556
06.20(목),광주,SSG,5,8,KIA,2019,패,승,41,32,0.5616438356164384
06.21(금),잠실,KIA,8,9,LG,2019,패,승,42,32,0.5675675675675675
06.22(토),잠실,KIA,3,2,LG,2019,승,패,42,33,0.56
06.23(일),잠실,KIA,7,0,LG,2019,승,패,42,34,0.5526315789473685
06.25(화),고척,KIA,3,7,키움,2019,패,승,43,34,0.5584415584415584
06.26(수),고척,KIA,13,6,키움,2019,승,패,43,35,0.5512820512820513
06.27(목),고척,KIA,2,8,키움,2019,패,승,44,35,0.5569620253164557
06.28(금),수원,KIA,1,9,KT,2019,패,승,45,35,0.5625
06.29(토),수원,KIA,3,5,KT,2019,패,승,46,35,0.5679012345679012
06.30(일),수원,KIA,3,4,KT,2019,패,승,47,35,0.573170731707317
07.02(화),광주,NC,3,5,KIA,2019,패,승,48,35,0.5783132530120482
07.03(수),광주,NC,8,4,KIA,2019,승,패,48,36,0.5714285714285714
07.04(목),광주,NC,9,3,KIA,2019,승,패,48,37,0.5647058823529412
07.05(금),광주,LG,1,6,KIA,2019,패,승,49,37,0.5697674418604651
07.06(토),광주,LG,0,7,KIA,2019,패,승,50,37,0.5747126436781609
07.07(일),광주,LG,10,9,KIA,2019,승,패,50,38,0.5681818181818182
07.09(화),대구,KIA,2,3,삼성,2019,패,승,51,38,0.5730337078651685
07.11(목),대구,KIA,2,4,삼성,2019,패,승,52,38,0.5777777777777777
07.12(금),광주,한화,0,5,KIA,2019,패,승,53,38,0.5824175824175825
07.13(토),광주,한화,10,5,KIA,2019,승,패,53,39,0.5760869565217391
07.14(일),광주,한화,7,10,KIA,2019,패,승,54,39,0.5806451612903226
07.17(수),광주,롯데,1,3,KIA,2019,패,승,55,39,0.5851063829787234
07.18(목),광주,롯데,6,3,KIA,2019,승,패,55,40,0.5789473684210527
07.27(토),잠실,KIA,1,12,두산,2019,패,승,56,40,0.5833333333333334
07.30(화),문학,KIA,2,0,SSG,2019,승,패,56,41,0.5773195876288659
07.31(수),문학,KIA,6,2,SSG,2019,승,패,56,42,0.5714285714285714
08.01(목),문학,KIA,1,10,SSG,2019,패,승,57,42,0.5757575757575758
08.03(토),광주,NC,1,5,KIA,2019,패,승,58,42,0.58
08.04(일),광주,NC,0,1,KIA,2019,패,승,59,42,0.5841584158415841
08.06(화),광주,LG,17,4,KIA,2019,승,패,59,43,0.5784313725490197
08.07(수),광주,LG,5,10,KIA,2019,패,승,60,43,0.5825242718446602
08.08(목),광주,한화,2,5,KIA,2019,패,승,61,43,0.5865384615384616
08.09(금),광주,한화,4,10,KIA,2019,패,승,62,43,0.5904761904761905
08.10(토),대구,KIA,7,2,삼성,2019,승,패,62,44,0.5849056603773585
08.11(일),대구,KIA,4,5,삼성,2019,패,승,63,44,0.5887850467289719
08.13(화),광주,두산,5,2,KIA,2019,승,패,63,45,0.5833333333333334
08.14(수),광주,두산,1,4,KIA,2019,패,승,64,45,0.5871559633027523
08.15(목),광주,SSG,7,6,KIA,2019,승,패,64,46,0.5818181818181818
08.16(금),광주,SSG,0,1,KIA,2019,패,승,65,46,0.5855855855855856
08.17(토),광주,KT,4,3,KIA,2019,승,패,65,47,0.5803571428571429
08.18(일),광주,KT,2,1,KIA,2019,승,패,65,48,0.5752212389380531
08.20(화),잠실,KIA,3,15,LG,2019,패,승,66,48,0.5789473684210527
08.21(수),잠실,KIA,4,6,LG,2019,패,승,67,48,0.5826086956521739
08.22(목),고척,KIA,5,5,키움,2019,무,무,67,49,0.5775862068965517
08.23(금),고척,KIA,0,6,키움,2019,패,승,68,49,0.5811965811965812
08.24(토),문학,KIA,3,4,SSG,2019,패,승,69,49,0.5847457627118644
08.25(일),문학,KIA,4,2,SSG,2019,승,패,69,50,0.5798319327731093
08.27(화),광주,삼성,10,1,KIA,2019,승,패,69,51,0.575
08.28(수),광주,삼성,1,5,KIA,2019,패,승,70,51,0.5785123966942148
08.29(목),창원,KIA,3,4,NC,2019,패,승,71,51,0.5819672131147541
08.30(금),창원,KIA,8,2,NC,2019,승,패,71,52,0.5772357723577236
08.31(토),광주,롯데,2,4,KIA,2019,패,승,72,52,0.5806451612903226
09.01(일),광주,롯데,2,4,KIA,2019,패,승,73,52,0.584
09.03(화),대전,KIA,6,5,한화,2019,승,패,73,53,0.5793650793650794
09.04(수),대전,KIA,1,0,한화,2019,승,패,73,54,0.5748031496062992
09.06(금),수원,KIA,2,5,KT,2019,패,승,74,54,0.578125
09.07(토),광주,키움,7,3,KIA,2019,승,패,74,55,0.5736434108527132
09.08(일),광주,키움,13,3,KIA,2019,승,패,74,56,0.5692307692307692
09.10(화),사직,KIA,4,8,롯데,2019,패,승,75,56,0.5725190839694656
09.11(수),사직,KIA,4,0,롯데,2019,승,패,75,57,0.5681818181818182
09.12(목),잠실,KIA,0,5,두산,2019,패,승,76,57,0.5714285714285714
09.13(금),잠실,KIA,2,6,두산,2019,패,승,77,57,0.5746268656716418
09.14(토),잠실,KIA,2,7,LG,2019,패,승,78,57,0.5777777777777777
09.17(화),광주,NC,2,3,KIA,2019,패,승,79,57,0.5808823529411765
09.18(수),광주,롯데,5,6,KIA,2019,패,승,80,57,0.583941605839416
09.19(목),대구,KIA,2,12,삼성,2019,패,승,81,57,0.5869565217391305
09.20(금),잠실,KIA,2,6,두산,2019,패,승,82,57,0.5899280575539568
09.21(토),잠실,KIA,3,5,두산,2019,패,승,83,57,0.5928571428571429
09.23(월),수원,KIA,1,2,KT,2019,패,승,84,57,0.5957446808510638
09.24(화),광주,키움,0,5,KIA,2019,패,승,85,57,0.5985915492957746
09.26(목),사직,KIA,3,1,롯데,2019,승,패,85,58,0.5944055944055944
09.28(토),광주,LG,1,7,KIA,2019,패,승,86,58,0.5972222222222222
05.05(화),광주,키움,11,2,KIA,2020,승,패,0,1,0.0
05.06(수),광주,키움,3,2,KIA,2020,승,패,0,2,0.0
05.07(목),광주,키움,5,8,KIA,2020,패,승,1,2,0.3333333333333333
05.08(금),대구,KIA,0,5,삼성,2020,패,승,2,2,0.5
05.09(토),대구,KIA,2,14,삼성,2020,패,승,3,2,0.6
05.10(일),대구,KIA,12,3,삼성,2020,승,패,3,3,0.5
05.12(화),대전,KIA,2,1,한화,2020,승,패,3,4,0.4285714285714285
05.13(수),대전,KIA,4,3,한화,2020,승,패,3,5,0.375
05.14(목),대전,KIA,1,4,한화,2020,패,승,4,5,0.4444444444444444
05.15(금),광주,두산,13,4,KIA,2020,승,패,4,6,0.4
05.16(토),광주,두산,4,13,KIA,2020,패,승,5,6,0.4545454545454545
05.17(일),광주,두산,6,4,KIA,2020,승,패,5,7,0.4166666666666667
05.19(화),광주,롯데,2,9,KIA,2020,패,승,6,7,0.4615384615384615
05.20(수),광주,롯데,0,6,KIA,2020,패,승,7,7,0.5
05.21(목),광주,롯데,1,6,KIA,2020,패,승,8,7,0.5333333333333333
05.22(금),문학,KIA,2,1,SSG,2020,승,패,8,8,0.5
05.23(토),문학,KIA,8,3,SSG,2020,승,패,8,9,0.4705882352941176
05.24(일),문학,KIA,3,4,SSG,2020,패,승,9,9,0.5
05.26(화),수원,KIA,4,1,KT,2020,승,패,9,10,0.4736842105263157
05.27(수),수원,KIA,0,5,KT,2020,패,승,10,10,0.5
05.28(목),수원,KIA,5,6,KT,2020,패,승,11,10,0.5238095238095238
05.29(금),광주,LG,6,2,KIA,2020,승,패,11,11,0.5
05.30(토),광주,LG,6,10,KIA,2020,패,승,12,11,0.5217391304347826
05.31(일),광주,LG,13,5,KIA,2020,승,패,12,12,0.5
06.02(화),광주,롯데,2,7,KIA,2020,패,승,13,12,0.52
06.03(수),광주,롯데,2,11,KIA,2020,패,승,14,12,0.5384615384615384
06.04(목),광주,롯데,3,7,KIA,2020,패,승,15,12,0.5555555555555556
06.05(금),잠실,KIA,1,5,두산,2020,패,승,16,12,0.5714285714285714
06.06(토),잠실,KIA,3,4,두산,2020,패,승,17,12,0.5862068965517241
06.07(일),잠실,KIA,2,3,두산,2020,패,승,18,12,0.6
06.09(화),수원,KIA,3,2,KT,2020,승,패,18,13,0.5806451612903226
06.10(수),수원,KIA,10,0,KT,2020,승,패,18,14,0.5625
06.11(목),수원,KIA,8,13,KT,2020,패,승,19,14,0.5757575757575758
06.12(금),문학,KIA,6,3,SSG,2020,승,패,19,15,0.5588235294117647
06.13(토),문학,KIA,2,1,SSG,2020,승,패,19,16,0.5428571428571428
06.14(일),문학,KIA,3,4,SSG,2020,패,승,20,16,0.5555555555555556
06.16(화),광주,NC,4,7,KIA,2020,패,승,21,16,0.5675675675675675
06.17(수),광주,NC,6,7,KIA,2020,패,승,22,16,0.5789473684210527
06.19(금),광주,삼성,4,5,KIA,2020,패,승,23,16,0.5897435897435898
06.20(토),광주,삼성,3,6,KIA,2020,패,승,24,16,0.6
06.21(일),광주,삼성,12,5,KIA,2020,승,패,24,17,0.5853658536585366
06.23(화),사직,KIA,3,4,롯데,2020,패,승,25,17,0.5952380952380952
06.26(금),고척,KIA,8,6,키움,2020,승,패,25,18,0.5813953488372093
06.27(토),고척,KIA,0,2,키움,2020,패,승,26,18,0.5909090909090909
06.28(일),고척,KIA,0,1,키움,2020,패,승,27,18,0.6
07.01(수),광주,한화,3,4,KIA,2020,패,승,28,18,0.6086956521739131
07.02(목),광주,한화,1,7,KIA,2020,패,승,29,18,0.6170212765957447
07.03(금),창원,KIA,8,2,NC,2020,승,패,29,19,0.6041666666666666
07.04(토),창원,KIA,2,9,NC,2020,패,승,30,19,0.6122448979591837
07.05(일),창원,KIA,6,7,NC,2020,패,승,31,19,0.62
07.07(화),광주,KT,8,2,KIA,2020,승,패,31,20,0.6078431372549019
07.08(수),광주,KT,7,4,KIA,2020,승,패,31,21,0.5961538461538461
07.09(목),광주,KT,4,10,KIA,2020,패,승,32,21,0.6037735849056604
07.10(금),광주,키움,8,9,KIA,2020,패,승,33,21,0.6111111111111112
07.11(토),광주,키움,3,8,KIA,2020,패,승,34,21,0.6181818181818182
07.13(월),광주,키움,3,13,KIA,2020,패,승,35,21,0.625
07.14(화),대구,KIA,0,5,삼성,2020,패,승,36,21,0.631578947368421
07.15(수),대구,KIA,5,2,삼성,2020,승,패,36,22,0.6206896551724138
07.16(목),대구,KIA,7,8,삼성,2020,패,승,37,22,0.6271186440677966
07.17(금),광주,두산,2,4,KIA,2020,패,승,38,22,0.6333333333333333
07.18(토),광주,두산,6,0,KIA,2020,승,패,38,23,0.6229508196721312
07.19(일),광주,두산,8,4,KIA,2020,승,패,38,24,0.6129032258064516
07.21(화),대전,KIA,10,2,한화,2020,승,패,38,25,0.6031746031746031
07.22(수),대전,KIA,2,1,한화,2020,승,패,38,26,0.59375
07.25(토),광주,삼성,2,8,KIA,2020,패,승,39,26,0.6
07.26(일),광주,삼성,5,8,KIA,2020,패,승,40,26,0.6060606060606061
07.30(목),광주,KT,4,1,KIA,2020,승,패,40,27,0.5970149253731343
07.31(금),사직,KIA,3,2,롯데,2020,승,패,40,28,0.5882352941176471
08.01(토),사직,KIA,3,7,롯데,2020,패,승,41,28,0.5942028985507246
08.02(일),사직,KIA,0,8,롯데,2020,패,승,42,28,0.6
08.04(화),광주,LG,15,5,KIA,2020,승,패,42,29,0.5915492957746479
08.05(수),광주,LG,6,4,KIA,2020,승,패,42,30,0.5833333333333334
08.06(목),광주,LG,1,13,KIA,2020,패,승,43,30,0.589041095890411
08.08(토),광주,NC,2,3,KIA,2020,패,승,44,30,0.5945945945945946
08.09(일),광주,NC,8,1,KIA,2020,승,패,44,31,0.5866666666666667
08.11(화),잠실,KIA,8,4,LG,2020,승,패,44,32,0.5789473684210527
08.12(수),잠실,KIA,0,8,LG,2020,패,승,45,32,0.5844155844155844
08.13(목),잠실,KIA,2,4,LG,2020,패,승,46,32,0.5897435897435898
08.14(금),광주,SSG,6,7,KIA,2020,패,승,47,32,0.5949367088607594
08.15(토),광주,SSG,3,10,KIA,2020,패,승,48,32,0.6
08.16(일),광주,SSG,5,8,KIA,2020,패,승,49,32,0.6049382716049383
08.18(화),잠실,KIA,5,6,LG,2020,패,승,50,32,0.6097560975609756
08.19(수),잠실,KIA,1,10,LG,2020,패,승,51,32,0.6144578313253012
08.20(목),광주,NC,14,2,KIA,2020,승,패,51,33,0.6071428571428571
08.21(금),광주,NC,10,4,KIA,2020,승,패,51,34,0.6
08.22(토),고척,KIA,3,4,키움,2020,패,승,52,34,0.6046511627906976
08.23(일),고척,KIA,8,7,키움,2020,승,패,52,35,0.5977011494252874
08.25(화),잠실,KIA,8,10,두산,2020,패,승,53,35,0.6022727272727273
08.26(수),잠실,KIA,7,5,두산,2020,승,패,53,36,0.5955056179775281
08.27(목),문학,KIA,4,10,SSG,2020,패,승,54,36,0.6
08.28(금),문학,KIA,11,8,SSG,2020,승,패,54,37,0.5934065934065934
08.30(일),광주,KT,8,5,KIA,2020,승,패,54,38,0.5869565217391305
08.30(일),광주,KT,5,7,KIA,2020,패,승,55,38,0.5913978494623656
09.01(화),광주,삼성,0,6,KIA,2020,패,승,56,38,0.5957446808510638
09.03(목),사직,KIA,4,3,롯데,2020,승,패,56,39,0.5894736842105263
09.04(금),사직,KIA,6,3,롯데,2020,승,패,56,40,0.5833333333333334
09.04(금),사직,KIA,7,9,롯데,2020,패,승,57,40,0.5876288659793815
09.05(토),대전,KIA,5,4,한화,2020,승,패,57,41,0.5816326530612245
09.06(일),대전,KIA,8,4,한화,2020,승,패,57,42,0.5757575757575758
09.08(화),광주,LG,2,3,KIA,2020,패,승,58,42,0.58
09.10(목),광주,두산,5,4,KIA,2020,승,패,58,43,0.5742574257425742
09.12(토),창원,KIA,11,3,NC,2020,승,패,58,44,0.5686274509803921
09.13(일),창원,KIA,4,3,NC,2020,승,패,58,45,0.5631067961165048
09.15(화),광주,SSG,16,1,KIA,2020,승,패,58,46,0.5576923076923077
09.16(수),광주,SSG,7,6,KIA,2020,승,패,58,47,0.5523809523809524
09.17(목),대구,KIA,12,2,삼성,2020,승,패,58,48,0.5471698113207547
09.18(금),대구,KIA,13,5,삼성,2020,승,패,58,49,0.5420560747663551
09.19(토),광주,한화,0,8,KIA,2020,패,승,59,49,0.5462962962962963
09.20(일),광주,한화,11,3,KIA,2020,승,패,59,50,0.5412844036697247
09.22(화),광주,키움,2,0,KIA,2020,승,패,59,51,0.5363636363636364
09.23(수),광주,키움,13,1,KIA,2020,승,패,59,52,0.5315315315315315
09.24(목),수원,KIA,5,3,KT,2020,승,패,59,53,0.5267857142857143
09.25(금),수원,KIA,3,7,KT,2020,패,승,60,53,0.5309734513274337
09.26(토),광주,롯데,16,3,KIA,2020,승,패,60,54,0.5263157894736842
09.27(일),광주,롯데,1,2,KIA,2020,패,승,61,54,0.5304347826086957
09.29(화),고척,KIA,10,6,키움,2020,승,패,61,55,0.5258620689655172
09.30(수),고척,KIA,3,2,키움,2020,승,패,61,56,0.5213675213675214
10.01(목),고척,KIA,3,1,키움,2020,승,패,61,57,0.5169491525423728
10.02(금),잠실,KIA,3,14,두산,2020,패,승,62,57,0.5210084033613446
10.03(토),잠실,KIA,2,7,두산,2020,패,승,63,57,0.525
10.04(일),잠실,KIA,1,7,두산,2020,패,승,64,57,0.5289256198347108
10.06(화),광주,한화,3,2,KIA,2020,승,패,64,58,0.5245901639344263
10.07(수),광주,한화,4,6,KIA,2020,패,승,65,58,0.5284552845528455
10.07(수),광주,한화,5,0,KIA,2020,승,패,65,59,0.5241935483870968
10.08(목),광주,한화,13,6,KIA,2020,승,패,65,60,0.52
10.09(금),광주,SSG,3,5,KIA,2020,패,승,66,60,0.5238095238095238
10.10(토),광주,SSG,2,1,KIA,2020,승,패,66,61,0.5196850393700787
10.11(일),광주,SSG,9,5,KIA,2020,승,패,66,62,0.515625
10.13(화),창원,KIA,11,9,NC,2020,승,패,66,63,0.5116279069767442
10.14(수),창원,KIA,3,8,NC,2020,패,승,67,63,0.5153846153846153
10.15(목),창원,KIA,12,11,NC,2020,승,패,67,64,0.5114503816793893
10.16(금),잠실,KIA,0,9,LG,2020,패,승,68,64,0.5151515151515151
10.17(토),잠실,KIA,8,11,LG,2020,패,승,69,64,0.518796992481203
10.18(일),잠실,KIA,4,0,LG,2020,승,패,69,65,0.5149253731343284
10.20(화),광주,NC,13,3,KIA,2020,승,패,69,66,0.5111111111111111
10.22(목),대전,KIA,10,4,한화,2020,승,패,69,67,0.5073529411764706
10.23(금),광주,LG,8,4,KIA,2020,승,패,69,68,0.5036496350364964
10.24(토),광주,삼성,11,7,KIA,2020,승,패,69,69,0.5
10.25(일),광주,삼성,1,10,KIA,2020,패,승,70,69,0.5035971223021583
10.27(화),광주,KT,7,6,KIA,2020,승,패,70,70,0.5
10.28(수),광주,KT,3,4,KIA,2020,패,승,71,70,0.5035460992907801
10.29(목),광주,두산,9,2,KIA,2020,승,패,71,71,0.5
10.30(금),사직,KIA,2,13,롯데,2020,패,승,72,71,0.5034965034965035
10.31(토),광주,NC,3,4,KIA,2020,패,승,73,71,0.5069444444444444
04.04(일),잠실,KIA,1,4,두산,2021,패,승,1,0,1.0
04.06(화),고척,KIA,5,4,키움,2021,승,패,1,1,0.5
04.07(수),고척,KIA,8,7,키움,2021,승,패,1,2,0.3333333333333333
04.08(목),고척,KIA,5,3,키움,2021,승,패,1,3,0.25
04.09(금),광주,NC,10,6,KIA,2021,승,패,1,4,0.2
04.10(토),광주,NC,9,2,KIA,2021,승,패,1,5,0.1666666666666666
04.11(일),광주,NC,7,3,KIA,2021,승,패,1,6,0.1428571428571428
04.13(화),광주,롯데,8,0,KIA,2021,승,패,1,7,0.125
04.14(수),광주,롯데,2,3,KIA,2021,패,승,2,7,0.2222222222222222
04.15(목),광주,롯데,5,10,KIA,2021,패,승,3,7,0.3
04.16(금),문학,KIA,11,6,SSG,2021,승,패,3,8,0.2727272727272727
04.17(토),문학,KIA,3,4,SSG,2021,패,승,4,8,0.3333333333333333
04.18(일),문학,KIA,2,4,SSG,2021,패,승,5,8,0.3846153846153846
04.20(화),잠실,KIA,6,3,LG,2021,승,패,5,9,0.3571428571428571
04.21(수),잠실,KIA,3,7,LG,2021,패,승,6,9,0.4
04.22(목),잠실,KIA,3,2,LG,2021,승,패,6,10,0.375
04.23(금),광주,삼성,1,4,KIA,2021,패,승,7,10,0.4117647058823529
04.24(토),광주,삼성,8,4,KIA,2021,승,패,7,11,0.3888888888888889
04.25(일),광주,삼성,3,2,KIA,2021,승,패,7,12,0.3684210526315789
04.27(화),광주,한화,3,4,KIA,2021,패,승,8,12,0.4
04.28(수),광주,한화,0,4,KIA,2021,패,승,9,12,0.4285714285714285
04.29(목),광주,한화,2,3,KIA,2021,패,승,10,12,0.4545454545454545
04.30(금),수원,KIA,3,15,KT,2021,패,승,11,12,0.4782608695652174
05.01(토),수원,KIA,0,3,KT,2021,패,승,12,12,0.5
05.02(일),수원,KIA,2,9,KT,2021,패,승,13,12,0.52
05.05(수),사직,KIA,8,5,롯데,2021,승,패,13,13,0.5
05.06(목),사직,KIA,9,17,롯데,2021,패,승,14,13,0.5185185185185185
05.08(토),광주,두산,11,5,KIA,2021,승,패,14,14,0.5
05.09(일),광주,두산,5,3,KIA,2021,승,패,14,15,0.4827586206896552
05.09(일),광주,두산,9,0,KIA,2021,승,패,14,16,0.4666666666666667
05.11(화),광주,LG,1,7,KIA,2021,패,승,15,16,0.4838709677419355
05.12(수),광주,LG,3,5,KIA,2021,패,승,16,16,0.5
05.13(목),광주,LG,8,3,KIA,2021,승,패,16,17,0.4848484848484848
05.14(금),창원,KIA,2,5,NC,2021,패,승,17,17,0.5
05.15(토),창원,KIA,3,7,NC,2021,패,승,18,17,0.5142857142857142
05.18(화),광주,SSG,7,5,KIA,2021,승,패,18,18,0.5
05.19(수),광주,SSG,11,5,KIA,2021,승,패,18,19,0.4864864864864865
05.21(금),대구,KIA,3,5,삼성,2021,패,승,19,19,0.5
05.22(토),대구,KIA,9,4,삼성,2021,승,패,19,20,0.4871794871794871
05.23(일),대구,KIA,5,7,삼성,2021,패,승,20,20,0.5
05.26(수),광주,키움,2,3,KIA,2021,패,승,21,20,0.5121951219512195
05.27(목),광주,키움,4,5,KIA,2021,패,승,22,20,0.5238095238095238
05.28(금),광주,KT,6,7,KIA,2021,패,승,23,20,0.5348837209302325
05.29(토),광주,KT,7,5,KIA,2021,승,패,23,21,0.5227272727272727
05.30(일),광주,KT,4,3,KIA,2021,승,패,23,22,0.5111111111111111
06.01(화),대전,KIA,1,9,한화,2021,패,승,24,22,0.5217391304347826
06.02(수),대전,KIA,5,3,한화,2021,승,패,24,23,0.5106382978723404
06.04(금),광주,LG,3,4,KIA,2021,패,승,25,23,0.5208333333333334
06.05(토),광주,LG,8,2,KIA,2021,승,패,25,24,0.5102040816326531
06.06(일),광주,LG,10,0,KIA,2021,승,패,25,25,0.5
06.08(화),대구,KIA,0,7,삼성,2021,패,승,26,25,0.5098039215686274
06.09(수),대구,KIA,7,5,삼성,2021,승,패,26,26,0.5
06.10(목),대구,KIA,2,4,삼성,2021,패,승,27,26,0.5094339622641509
06.13(일),사직,KIA,6,8,롯데,2021,패,승,28,26,0.5185185185185185
06.13(일),사직,KIA,6,3,롯데,2021,승,패,28,27,0.509090909090909
06.16(수),광주,SSG,10,1,KIA,2021,승,패,28,28,0.5
06.16(수),광주,SSG,0,2,KIA,2021,패,승,29,28,0.5087719298245614
06.17(목),광주,SSG,6,3,KIA,2021,승,패,29,29,0.5
06.18(금),잠실,KIA,0,5,LG,2021,패,승,30,29,0.5084745762711864
06.19(토),잠실,KIA,2,7,LG,2021,패,승,31,29,0.5166666666666667
06.20(일),잠실,KIA,0,6,LG,2021,패,승,32,29,0.5245901639344263
06.22(화),수원,KIA,3,6,KT,2021,패,승,33,29,0.532258064516129
06.23(수),수원,KIA,2,1,KT,2021,승,패,33,30,0.5238095238095238
06.24(목),수원,KIA,3,6,KT,2021,패,승,34,30,0.53125
06.25(금),고척,KIA,5,14,키움,2021,패,승,35,30,0.5384615384615384
06.26(토),고척,KIA,1,6,키움,2021,패,승,36,30,0.5454545454545454
06.27(일),고척,KIA,4,5,키움,2021,패,승,37,30,0.5522388059701493
06.29(화),광주,NC,7,3,KIA,2021,승,패,37,31,0.5441176470588235
07.01(목),광주,NC,3,6,KIA,2021,패,승,38,31,0.5507246376811594
07.02(금),광주,두산,3,8,KIA,2021,패,승,39,31,0.5571428571428572
07.04(일),광주,두산,3,7,KIA,2021,패,승,40,31,0.5633802816901409
07.07(수),대전,KIA,4,1,한화,2021,승,패,40,32,0.5555555555555556
07.09(금),광주,KT,4,10,KIA,2021,패,승,41,32,0.5616438356164384
07.11(일),광주,KT,0,2,KIA,2021,패,승,42,32,0.5675675675675675
08.10(화),광주,한화,1,4,KIA,2021,패,승,43,32,0.5733333333333334
08.11(수),광주,한화,7,7,KIA,2021,무,무,43,33,0.5657894736842105
08.13(금),문학,KIA,8,1,SSG,2021,승,패,43,34,0.5584415584415584
08.14(토),문학,KIA,2,2,SSG,2021,무,무,43,35,0.5512820512820513
08.15(일),문학,KIA,5,10,SSG,2021,패,승,44,35,0.5569620253164557
08.18(수),잠실,KIA,7,3,두산,2021,승,패,44,36,0.55
08.19(목),잠실,KIA,5,5,두산,2021,무,무,44,37,0.5432098765432098
08.20(금),광주,키움,2,3,KIA,2021,패,승,45,37,0.5487804878048781
08.22(일),광주,키움,6,1,KIA,2021,승,패,45,38,0.5421686746987951
08.24(화),광주,키움,8,2,KIA,2021,승,패,45,39,0.5357142857142857
08.25(수),광주,롯데,6,11,KIA,2021,패,승,46,39,0.5411764705882353
08.26(목),광주,롯데,3,3,KIA,2021,무,무,46,40,0.5348837209302325
08.28(토),문학,KIA,4,12,SSG,2021,패,승,47,40,0.5402298850574713
08.29(일),문학,KIA,0,9,SSG,2021,패,승,48,40,0.5454545454545454
09.01(수),잠실,KIA,0,5,두산,2021,패,승,49,40,0.550561797752809
09.01(수),잠실,KIA,3,2,두산,2021,승,패,49,41,0.5444444444444444
09.02(목),광주,삼성,5,1,KIA,2021,승,패,49,42,0.5384615384615384
09.03(금),광주,삼성,9,3,KIA,2021,승,패,49,43,0.532608695652174
09.04(토),대전,KIA,2,6,한화,2021,패,승,50,43,0.5376344086021505
09.05(일),대전,KIA,5,5,한화,2021,무,무,50,44,0.5319148936170213
09.08(수),수원,KIA,5,5,KT,2021,무,무,50,45,0.5263157894736842
09.09(목),고척,KIA,3,5,키움,2021,패,승,51,45,0.53125
09.10(금),고척,KIA,3,4,키움,2021,패,승,52,45,0.5360824742268041
09.11(토),광주,NC,3,5,KIA,2021,패,승,53,45,0.5408163265306123
09.12(일),광주,NC,8,2,KIA,2021,승,패,53,46,0.5353535353535354
09.12(일),광주,NC,3,0,KIA,2021,승,패,53,47,0.53
09.14(화),광주,롯데,8,7,KIA,2021,승,패,53,48,0.5247524752475248
09.15(수),광주,롯데,6,3,KIA,2021,승,패,53,49,0.5196078431372549
09.15(수),광주,롯데,3,5,KIA,2021,패,승,54,49,0.5242718446601942
09.16(목),대구,KIA,6,5,삼성,2021,승,패,54,50,0.5192307692307693
09.17(금),대구,KIA,3,6,삼성,2021,패,승,55,50,0.5238095238095238
09.18(토),잠실,KIA,9,6,LG,2021,승,패,55,51,0.5188679245283019
09.19(일),잠실,KIA,3,4,LG,2021,패,승,56,51,0.5233644859813084
09.21(화),광주,KT,11,5,KIA,2021,승,패,56,52,0.5185185185185185
09.22(수),광주,KT,2,7,KIA,2021,패,승,57,52,0.5229357798165137
09.23(목),광주,두산,3,1,KIA,2021,승,패,57,53,0.5181818181818182
09.24(금),광주,두산,8,2,KIA,2021,승,패,57,54,0.5135135135135135
09.25(토),광주,SSG,1,7,KIA,2021,패,승,58,54,0.5178571428571429
09.26(일),광주,SSG,5,6,KIA,2021,패,승,59,54,0.5221238938053098
09.28(화),창원,KIA,9,10,NC,2021,패,승,60,54,0.5263157894736842
09.29(수),창원,KIA,1,4,NC,2021,패,승,61,54,0.5304347826086957
09.30(목),광주,키움,2,0,KIA,2021,승,패,61,55,0.5258620689655172
10.01(금),광주,키움,0,6,KIA,2021,패,승,62,55,0.5299145299145299
10.02(토),광주,한화,4,4,KIA,2021,무,무,62,56,0.5254237288135594
10.03(일),광주,한화,6,9,KIA,2021,패,승,63,56,0.5294117647058824
10.05(화),사직,KIA,3,13,롯데,2021,패,승,64,56,0.5333333333333333
10.06(수),사직,KIA,4,2,롯데,2021,승,패,64,57,0.5289256198347108
10.07(목),광주,LG,8,1,KIA,2021,승,패,64,58,0.5245901639344263
10.08(금),광주,LG,2,2,KIA,2021,무,무,64,59,0.5203252032520326
10.09(토),대전,KIA,6,4,한화,2021,승,패,64,60,0.5161290322580645
10.10(일),대전,KIA,3,1,한화,2021,승,패,64,61,0.512
10.10(일),대전,KIA,5,0,한화,2021,승,패,64,62,0.5079365079365079
10.12(화),광주,삼성,2,1,KIA,2021,승,패,64,63,0.5039370078740157
10.13(수),광주,삼성,5,3,KIA,2021,승,패,64,64,0.5
10.14(목),광주,삼성,2,5,KIA,2021,패,승,65,64,0.5038759689922481
10.15(금),수원,KIA,7,7,KT,2021,무,무,65,65,0.5
10.16(토),잠실,KIA,6,4,두산,2021,승,패,65,66,0.4961832061068702
10.17(일),잠실,KIA,3,3,두산,2021,무,무,65,67,0.4924242424242424
10.17(일),잠실,KIA,2,5,두산,2021,패,승,66,67,0.4962406015037593
10.19(화),광주,SSG,4,5,KIA,2021,패,승,67,67,0.5
10.20(수),광주,KT,0,3,KIA,2021,패,승,68,67,0.5037037037037037
10.21(목),광주,한화,13,2,KIA,2021,승,패,68,68,0.5
10.22(금),창원,KIA,5,3,NC,2021,승,패,68,69,0.4963503649635036
10.23(토),창원,KIA,7,4,NC,2021,승,패,68,70,0.4927536231884058
10.23(토),창원,KIA,2,5,NC,2021,패,승,69,70,0.4964028776978417
10.24(일),창원,KIA,1,4,NC,2021,패,승,70,70,0.5
10.27(수),사직,KIA,3,2,롯데,2021,승,패,70,71,0.4964539007092198
10.28(목),사직,KIA,5,3,롯데,2021,승,패,70,72,0.4929577464788732
10.29(금),광주,두산,11,5,KIA,2021,승,패,70,73,0.4895104895104895
10.30(토),광주,키움,6,1,KIA,2021,승,패,70,74,0.4861111111111111
04.02(토),광주,LG,9,0,KIA,2022,승,패,0,1,0.0
04.03(일),광주,LG,3,2,KIA,2022,승,패,0,2,0.0
04.05(화),광주,한화,3,4,KIA,2022,패,승,1,2,0.3333333333333333
04.06(수),광주,한화,4,7,KIA,2022,패,승,2,2,0.5
04.07(목),광주,한화,2,6,KIA,2022,패,승,3,2,0.6
04.08(금),문학,KIA,0,3,SSG,2022,패,승,4,2,0.6666666666666666
04.09(토),문학,KIA,5,9,SSG,2022,패,승,5,2,0.7142857142857143
04.10(일),문학,KIA,2,11,SSG,2022,패,승,6,2,0.75
04.12(화),광주,롯데,5,6,KIA,2022,패,승,7,2,0.7777777777777778
04.14(목),광주,롯데,3,2,KIA,2022,승,패,7,3,0.7
04.15(금),창원,KIA,0,5,NC,2022,패,승,8,3,0.7272727272727273
04.16(토),창원,KIA,14,0,NC,2022,승,패,8,4,0.6666666666666666
04.17(일),창원,KIA,4,3,NC,2022,승,패,8,5,0.6153846153846154
04.19(화),광주,두산,3,6,KIA,2022,패,승,9,5,0.6428571428571429
04.20(수),광주,두산,4,3,KIA,2022,승,패,9,6,0.6
04.21(목),광주,두산,2,1,KIA,2022,승,패,9,7,0.5625
04.22(금),고척,KIA,5,4,키움,2022,승,패,9,8,0.5294117647058824
04.23(토),고척,KIA,1,3,키움,2022,패,승,10,8,0.5555555555555556
04.24(일),고척,KIA,14,2,키움,2022,승,패,10,9,0.5263157894736842
04.26(화),수원,KIA,10,5,KT,2022,승,패,10,10,0.5
04.27(수),수원,KIA,1,3,KT,2022,패,승,11,10,0.5238095238095238
04.28(목),수원,KIA,3,5,KT,2022,패,승,12,10,0.5454545454545454
04.29(금),광주,삼성,4,3,KIA,2022,승,패,12,11,0.5217391304347826
04.30(토),광주,삼성,5,4,KIA,2022,승,패,12,12,0.5
05.01(일),광주,삼성,6,3,KIA,2022,승,패,12,13,0.48
05.03(화),광주,키움,7,1,KIA,2022,승,패,12,14,0.4615384615384615
05.04(수),광주,키움,3,4,KIA,2022,패,승,13,14,0.4814814814814814
05.05(목),광주,키움,1,10,KIA,2022,패,승,14,14,0.5
05.06(금),대전,KIA,13,2,한화,2022,승,패,14,15,0.4827586206896552
05.07(토),대전,KIA,5,4,한화,2022,승,패,14,16,0.4666666666666667
05.08(일),대전,KIA,7,6,한화,2022,승,패,14,17,0.4516129032258064
05.10(화),광주,KT,0,1,KIA,2022,패,승,15,17,0.46875
05.11(수),광주,KT,10,5,KIA,2022,승,패,15,18,0.4545454545454545
05.12(목),광주,KT,4,5,KIA,2022,패,승,16,18,0.4705882352941176
05.13(금),잠실,KIA,10,1,LG,2022,승,패,16,19,0.4571428571428571
05.14(토),잠실,KIA,3,5,LG,2022,패,승,17,19,0.4722222222222222
05.15(일),잠실,KIA,3,6,LG,2022,패,승,18,19,0.4864864864864865
05.17(화),사직,KIA,4,3,롯데,2022,승,패,18,20,0.4736842105263157
05.18(수),사직,KIA,15,7,롯데,2022,승,패,18,21,0.4615384615384615
05.19(목),사직,KIA,4,2,롯데,2022,승,패,18,22,0.45
05.20(금),광주,NC,3,5,KIA,2022,패,승,19,22,0.4634146341463415
05.21(토),광주,NC,7,4,KIA,2022,승,패,19,23,0.4523809523809524
05.22(일),광주,NC,6,8,KIA,2022,패,승,20,23,0.4651162790697674
05.24(화),대구,KIA,4,3,삼성,2022,승,패,20,24,0.4545454545454545
05.25(수),대구,KIA,11,5,삼성,2022,승,패,20,25,0.4444444444444444
05.26(목),대구,KIA,9,7,삼성,2022,승,패,20,26,0.4347826086956521
05.27(금),광주,SSG,8,1,KIA,2022,승,패,20,27,0.425531914893617
05.28(토),광주,SSG,3,9,KIA,2022,패,승,21,27,0.4375
05.29(일),광주,SSG,9,7,KIA,2022,승,패,21,28,0.4285714285714285
05.31(화),잠실,KIA,13,10,두산,2022,승,패,21,29,0.42
06.01(수),잠실,KIA,7,3,두산,2022,승,패,21,30,0.4117647058823529
06.02(목),잠실,KIA,4,3,두산,2022,승,패,21,31,0.4038461538461538
06.03(금),수원,KIA,2,5,KT,2022,패,승,22,31,0.4150943396226415
06.04(토),수원,KIA,3,4,KT,2022,패,승,23,31,0.4259259259259259
06.05(일),수원,KIA,2,2,KT,2022,무,무,23,32,0.4181818181818181
06.08(수),광주,LG,11,7,KIA,2022,승,패,23,33,0.4107142857142857
06.09(목),광주,LG,1,5,KIA,2022,패,승,24,33,0.4210526315789473
06.10(금),광주,키움,10,6,KIA,2022,승,패,24,34,0.4137931034482758
06.11(토),광주,키움,2,5,KIA,2022,패,승,25,34,0.423728813559322
06.12(일),광주,키움,10,8,KIA,2022,승,패,25,35,0.4166666666666667
06.15(수),창원,KIA,2,7,NC,2022,패,승,26,35,0.4262295081967213
06.16(목),창원,KIA,4,2,NC,2022,승,패,26,36,0.4193548387096774
06.17(금),광주,삼성,3,5,KIA,2022,패,승,27,36,0.4285714285714285
06.18(토),광주,삼성,6,2,KIA,2022,승,패,27,37,0.421875
06.19(일),광주,삼성,7,3,KIA,2022,승,패,27,38,0.4153846153846154
06.21(화),광주,롯데,5,6,KIA,2022,패,승,28,38,0.4242424242424242
06.22(수),광주,롯데,7,5,KIA,2022,승,패,28,39,0.417910447761194
06.23(목),광주,롯데,4,7,KIA,2022,패,승,29,39,0.4264705882352941
06.24(금),잠실,KIA,4,3,두산,2022,승,패,29,40,0.4202898550724637
06.25(토),잠실,KIA,8,6,두산,2022,승,패,29,41,0.4142857142857143
06.26(일),잠실,KIA,4,8,두산,2022,패,승,30,41,0.4225352112676056
06.28(화),고척,KIA,2,5,키움,2022,패,승,31,41,0.4305555555555556
06.29(수),고척,KIA,0,1,키움,2022,패,승,32,41,0.4383561643835616
06.30(목),고척,KIA,4,5,키움,2022,패,승,33,41,0.4459459459459459
07.01(금),문학,KIA,6,7,SSG,2022,패,승,34,41,0.4533333333333333
07.02(토),문학,KIA,1,2,SSG,2022,패,승,35,41,0.4605263157894737
07.03(일),문학,KIA,2,3,SSG,2022,패,승,36,41,0.4675324675324675
07.06(수),광주,KT,8,1,KIA,2022,승,패,36,42,0.4615384615384615
07.08(금),광주,한화,3,5,KIA,2022,패,승,37,42,0.4683544303797468
07.09(토),광주,한화,5,6,KIA,2022,패,승,38,42,0.475
07.10(일),광주,한화,3,6,KIA,2022,패,승,39,42,0.4814814814814814
07.12(화),잠실,KIA,7,1,LG,2022,승,패,39,43,0.4756097560975609
07.14(목),잠실,KIA,2,6,LG,2022,패,승,40,43,0.4819277108433735
07.22(금),사직,KIA,5,2,롯데,2022,승,패,40,44,0.4761904761904761
07.23(토),사직,KIA,9,3,롯데,2022,승,패,40,45,0.4705882352941176
07.24(일),사직,KIA,23,0,롯데,2022,승,패,40,46,0.4651162790697674
07.26(화),광주,NC,9,1,KIA,2022,승,패,40,47,0.4597701149425287
07.27(수),광주,NC,5,9,KIA,2022,패,승,41,47,0.4659090909090909
07.28(목),광주,NC,6,2,KIA,2022,승,패,41,48,0.4606741573033708
07.29(금),광주,SSG,2,11,KIA,2022,패,승,42,48,0.4666666666666667
07.30(토),광주,SSG,7,5,KIA,2022,승,패,42,49,0.4615384615384615
07.31(일),광주,SSG,3,2,KIA,2022,승,패,42,50,0.4565217391304347
08.02(화),대전,KIA,4,5,한화,2022,패,승,43,50,0.4623655913978494
08.03(수),대전,KIA,6,3,한화,2022,승,패,43,51,0.4574468085106383
08.04(목),대전,KIA,1,4,한화,2022,패,승,44,51,0.4631578947368421
08.05(금),광주,두산,5,3,KIA,2022,승,패,44,52,0.4583333333333333
08.06(토),광주,두산,7,4,KIA,2022,승,패,44,53,0.4536082474226804
08.07(일),광주,두산,4,5,KIA,2022,패,승,45,53,0.4591836734693877
08.10(수),대구,KIA,2,3,삼성,2022,패,승,46,53,0.4646464646464646
08.12(금),대구,KIA,6,7,삼성,2022,패,승,47,53,0.47
08.13(토),광주,롯데,0,9,KIA,2022,패,승,48,53,0.4752475247524752
08.14(일),광주,롯데,5,1,KIA,2022,승,패,48,54,0.4705882352941176
08.17(수),광주,SSG,3,4,KIA,2022,패,승,49,54,0.4757281553398058
08.18(목),광주,NC,14,8,KIA,2022,승,패,49,55,0.4711538461538461
08.19(금),광주,NC,9,12,KIA,2022,패,승,50,55,0.4761904761904761
08.20(토),수원,KIA,5,2,KT,2022,승,패,50,56,0.4716981132075472
08.21(일),수원,KIA,3,11,KT,2022,패,승,51,56,0.4766355140186916
08.23(화),고척,KIA,12,3,키움,2022,승,패,51,57,0.4722222222222222
08.24(수),고척,KIA,10,11,키움,2022,패,승,52,57,0.4770642201834862
08.25(목),잠실,KIA,1,0,LG,2022,승,패,52,58,0.4727272727272727
08.26(금),잠실,KIA,1,3,LG,2022,패,승,53,58,0.4774774774774775
08.27(토),광주,두산,2,1,KIA,2022,승,패,53,59,0.4732142857142857
08.28(일),광주,두산,6,11,KIA,2022,패,승,54,59,0.4778761061946903
08.31(수),대전,KIA,4,3,한화,2022,승,패,54,60,0.4736842105263157
09.01(목),광주,삼성,4,1,KIA,2022,승,패,54,61,0.4695652173913043
09.02(금),광주,삼성,3,8,KIA,2022,패,승,55,61,0.4741379310344827
09.03(토),광주,KT,5,1,KIA,2022,승,패,55,62,0.4700854700854701
09.04(일),광주,KT,6,2,KIA,2022,승,패,55,63,0.4661016949152542
09.06(화),사직,KIA,3,6,롯데,2022,패,승,56,63,0.4705882352941176
09.07(수),사직,KIA,12,6,롯데,2022,승,패,56,64,0.4666666666666667
09.08(목),문학,KIA,9,4,SSG,2022,승,패,56,65,0.4628099173553719
09.09(금),문학,KIA,16,9,SSG,2022,승,패,56,66,0.4590163934426229
09.10(토),잠실,KIA,3,0,두산,2022,승,패,56,67,0.4552845528455284
09.11(일),잠실,KIA,3,6,두산,2022,패,승,57,67,0.4596774193548387
09.13(화),광주,키움,4,1,KIA,2022,승,패,57,68,0.456
09.14(수),광주,키움,2,0,KIA,2022,승,패,57,69,0.4523809523809524
09.15(목),광주,한화,2,1,KIA,2022,승,패,57,70,0.4488188976377952
09.16(금),광주,한화,7,6,KIA,2022,승,패,57,71,0.4453125
09.17(토),대구,KIA,1,10,삼성,2022,패,승,58,71,0.4496124031007752
09.18(일),대구,KIA,6,9,삼성,2022,패,승,59,71,0.4538461538461538
09.20(화),광주,LG,11,1,KIA,2022,승,패,59,72,0.4503816793893129
09.21(수),광주,LG,11,2,KIA,2022,승,패,59,73,0.4469696969696969
09.22(목),창원,KIA,3,1,NC,2022,승,패,59,74,0.4436090225563909
09.23(금),창원,KIA,2,5,NC,2022,패,승,60,74,0.4477611940298507
09.24(토),창원,KIA,3,0,NC,2022,승,패,60,75,0.4444444444444444
09.25(일),대구,KIA,4,3,삼성,2022,승,패,60,76,0.4411764705882353
09.29(목),광주,롯데,4,5,KIA,2022,패,승,61,76,0.4452554744525547
10.01(토),광주,SSG,3,2,KIA,2022,승,패,61,77,0.4420289855072464
10.02(일),대전,KIA,10,1,한화,2022,승,패,61,78,0.4388489208633093
10.04(화),잠실,KIA,8,3,LG,2022,승,패,61,79,0.4357142857142857
10.05(수),광주,LG,10,2,KIA,2022,승,패,61,80,0.4326241134751773
10.06(목),광주,LG,3,4,KIA,2022,패,승,62,80,0.4366197183098591
10.07(금),광주,KT,1,11,KIA,2022,패,승,63,80,0.4405594405594406
10.08(토),광주,KT,7,2,KIA,2022,승,패,63,81,0.4375
04.01(토),문학,KIA,1,4,SSG,2023,패,승,1,0,1.0
04.02(일),문학,KIA,9,5,SSG,2023,승,패,1,1,0.5
04.07(금),광주,두산,4,1,KIA,2023,승,패,1,2,0.3333333333333333
04.08(토),광주,두산,6,7,KIA,2023,패,승,2,2,0.5
04.09(일),광주,두산,3,2,KIA,2023,승,패,2,3,0.4
04.11(화),광주,한화,5,4,KIA,2023,승,패,2,4,0.3333333333333333
04.12(수),광주,한화,0,2,KIA,2023,패,승,3,4,0.4285714285714285
04.13(목),광주,한화,5,1,KIA,2023,승,패,3,5,0.375
04.14(금),고척,KIA,2,9,키움,2023,패,승,4,5,0.4444444444444444
04.15(토),고척,KIA,1,6,키움,2023,패,승,5,5,0.5
04.16(일),고척,KIA,0,2,키움,2023,패,승,6,5,0.5454545454545454
04.18(화),사직,KIA,5,7,롯데,2023,패,승,7,5,0.5833333333333334
04.19(수),사직,KIA,6,0,롯데,2023,승,패,7,6,0.5384615384615384
04.20(목),사직,KIA,3,5,롯데,2023,패,승,8,6,0.5714285714285714
04.21(금),광주,삼성,4,5,KIA,2023,패,승,9,6,0.6
04.22(토),광주,삼성,2,6,KIA,2023,패,승,10,6,0.625
04.23(일),광주,삼성,3,5,KIA,2023,패,승,11,6,0.6470588235294118
04.25(화),광주,NC,6,0,KIA,2023,승,패,11,7,0.6111111111111112
04.26(수),광주,NC,0,6,KIA,2023,패,승,12,7,0.631578947368421
04.27(목),광주,NC,0,5,KIA,2023,패,승,13,7,0.65
04.28(금),잠실,KIA,4,3,LG,2023,승,패,13,8,0.6190476190476191
04.29(토),잠실,KIA,6,3,LG,2023,승,패,13,9,0.5909090909090909
04.30(일),잠실,KIA,12,8,LG,2023,승,패,13,10,0.5652173913043478
05.02(화),광주,롯데,7,4,KIA,2023,승,패,13,11,0.5416666666666666
05.03(수),광주,롯데,2,10,KIA,2023,패,승,14,11,0.56
05.09(화),광주,SSG,0,3,KIA,2023,패,승,15,11,0.5769230769230769
05.10(수),광주,SSG,5,3,KIA,2023,승,패,15,12,0.5555555555555556
05.11(목),광주,SSG,5,3,KIA,2023,승,패,15,13,0.5357142857142857
05.12(금),잠실,KIA,1,6,두산,2023,패,승,16,13,0.5517241379310345
05.13(토),잠실,KIA,1,5,두산,2023,패,승,17,13,0.5666666666666667
05.14(일),잠실,KIA,4,8,두산,2023,패,승,18,13,0.5806451612903226
05.16(화),대구,KIA,8,2,삼성,2023,승,패,18,14,0.5625
05.17(수),대구,KIA,7,6,삼성,2023,승,패,18,15,0.5454545454545454
05.19(금),광주,키움,1,10,KIA,2023,패,승,19,15,0.5588235294117647
05.20(토),광주,키움,2,3,KIA,2023,패,승,20,15,0.5714285714285714
05.21(일),광주,키움,1,0,KIA,2023,승,패,20,16,0.5555555555555556
05.23(화),대전,KIA,5,9,한화,2023,패,승,21,16,0.5675675675675675
05.24(수),대전,KIA,4,2,한화,2023,승,패,21,17,0.5526315789473685
05.25(목),대전,KIA,3,4,한화,2023,패,승,22,17,0.5641025641025641
05.26(금),광주,LG,5,3,KIA,2023,승,패,22,18,0.55
05.27(토),광주,LG,3,6,KIA,2023,패,승,23,18,0.5609756097560976
05.28(일),광주,LG,7,1,KIA,2023,승,패,23,19,0.5476190476190477
05.30(화),광주,KT,1,6,KIA,2023,패,승,24,19,0.5581395348837209
05.31(수),광주,KT,1,7,KIA,2023,패,승,25,19,0.5681818181818182
06.02(금),사직,KIA,2,14,롯데,2023,패,승,26,19,0.5777777777777777
06.03(토),사직,KIA,5,6,롯데,2023,패,승,27,19,0.5869565217391305
06.04(일),사직,KIA,6,0,롯데,2023,승,패,27,20,0.574468085106383
06.06(화),광주,SSG,2,1,KIA,2023,승,패,27,21,0.5625
06.07(수),광주,SSG,9,8,KIA,2023,승,패,27,22,0.5510204081632653
06.08(목),광주,SSG,5,4,KIA,2023,승,패,27,23,0.54
06.09(금),잠실,KIA,7,3,두산,2023,승,패,27,24,0.5294117647058824
06.10(토),잠실,KIA,6,3,두산,2023,승,패,27,25,0.5192307692307693
06.11(일),잠실,KIA,2,3,두산,2023,패,승,28,25,0.5283018867924528
06.13(화),고척,KIA,0,1,키움,2023,패,승,29,25,0.5370370370370371
06.14(수),고척,KIA,1,2,키움,2023,패,승,30,25,0.5454545454545454
06.15(목),고척,KIA,8,4,키움,2023,승,패,30,26,0.5357142857142857
06.16(금),광주,NC,11,13,KIA,2023,패,승,31,26,0.543859649122807
06.17(토),광주,NC,10,7,KIA,2023,승,패,31,27,0.5344827586206896
06.18(일),광주,NC,7,7,KIA,2023,무,무,31,28,0.5254237288135594
06.20(화),대전,KIA,6,4,한화,2023,승,패,31,29,0.5166666666666667
06.21(수),대전,KIA,4,7,한화,2023,패,승,32,29,0.5245901639344263
06.22(목),대전,KIA,0,1,한화,2023,패,승,33,29,0.532258064516129
06.23(금),광주,KT,10,3,KIA,2023,승,패,33,30,0.5238095238095238
06.24(토),광주,KT,1,4,KIA,2023,패,승,34,30,0.53125
06.27(화),광주,키움,8,1,KIA,2023,승,패,34,31,0.5230769230769231
06.28(수),광주,키움,7,5,KIA,2023,승,패,34,32,0.5151515151515151
06.30(금),잠실,KIA,4,5,LG,2023,패,승,35,32,0.5223880597014925
07.01(토),잠실,KIA,5,3,LG,2023,승,패,35,33,0.5147058823529411
07.02(일),잠실,KIA,1,3,LG,2023,패,승,36,33,0.5217391304347826
07.05(수),문학,KIA,17,3,SSG,2023,승,패,36,34,0.5142857142857142
07.06(목),문학,KIA,7,6,SSG,2023,승,패,36,35,0.5070422535211268
07.07(금),수원,KIA,6,2,KT,2023,승,패,36,36,0.5
07.08(토),수원,KIA,7,0,KT,2023,승,패,36,37,0.4931506849315068
07.09(일),수원,KIA,5,1,KT,2023,승,패,36,38,0.4864864864864865
07.12(수),광주,삼성,2,3,KIA,2023,패,승,37,38,0.4933333333333333
07.13(목),광주,삼성,4,1,KIA,2023,승,패,37,39,0.4868421052631579
07.21(금),광주,두산,5,2,KIA,2023,승,패,37,40,0.4805194805194805
07.25(화),창원,KIA,3,5,NC,2023,패,승,38,40,0.4871794871794871
07.26(수),창원,KIA,13,3,NC,2023,승,패,38,41,0.4810126582278481
07.27(목),창원,KIA,0,4,NC,2023,패,승,39,41,0.4875
07.28(금),광주,롯데,5,6,KIA,2023,패,승,40,41,0.4938271604938271
07.29(토),광주,롯데,1,4,KIA,2023,패,승,41,41,0.5
07.30(일),광주,롯데,3,6,KIA,2023,패,승,42,41,0.5060240963855421
08.01(화),대구,KIA,11,8,삼성,2023,승,패,42,42,0.5
08.02(수),대구,KIA,6,7,삼성,2023,패,승,43,42,0.5058823529411764
08.03(목),대구,KIA,12,8,삼성,2023,승,패,43,43,0.5
08.04(금),광주,한화,3,9,KIA,2023,패,승,44,43,0.5057471264367817
08.05(토),광주,한화,3,9,KIA,2023,패,승,45,43,0.5113636363636364
08.06(일),광주,한화,4,4,KIA,2023,무,무,45,44,0.5056179775280899
08.09(수),광주,LG,6,2,KIA,2023,승,패,45,45,0.5
08.11(금),사직,KIA,1,7,롯데,2023,패,승,46,45,0.5054945054945055
08.12(토),사직,KIA,13,5,롯데,2023,승,패,46,46,0.5
08.13(일),사직,KIA,1,6,롯데,2023,패,승,47,46,0.5053763440860215
08.15(화),광주,키움,9,6,KIA,2023,승,패,47,47,0.5
08.16(수),광주,키움,3,11,KIA,2023,패,승,48,47,0.5052631578947369
08.17(목),광주,키움,4,8,KIA,2023,패,승,49,47,0.5104166666666666
08.18(금),대구,KIA,2,12,삼성,2023,패,승,50,47,0.5154639175257731
08.19(토),대구,KIA,6,5,삼성,2023,승,패,50,48,0.5102040816326531
08.20(일),대구,KIA,4,6,삼성,2023,패,승,51,48,0.5151515151515151
08.22(화),수원,KIA,4,8,KT,2023,패,승,52,48,0.52
08.24(목),수원,KIA,7,3,KT,2023,승,패,52,49,0.5148514851485149
08.25(금),광주,한화,1,4,KIA,2023,패,승,53,49,0.5196078431372549
08.26(토),광주,한화,4,12,KIA,2023,패,승,54,49,0.5242718446601942
08.27(일),광주,한화,2,5,KIA,2023,패,승,55,49,0.5288461538461539
08.31(목),광주,NC,3,13,KIA,2023,패,승,56,49,0.5333333333333333
09.01(금),문학,KIA,10,2,SSG,2023,승,패,56,50,0.5283018867924528
09.02(토),문학,KIA,12,4,SSG,2023,승,패,56,51,0.5233644859813084
09.03(일),문학,KIA,8,6,SSG,2023,승,패,56,52,0.5185185185185185
09.06(수),잠실,KIA,7,1,두산,2023,승,패,56,53,0.5137614678899083
09.07(목),잠실,KIA,0,3,두산,2023,패,승,57,53,0.5181818181818182
09.08(금),광주,LG,12,2,KIA,2023,승,패,57,54,0.5135135135135135
09.09(토),광주,LG,6,7,KIA,2023,패,승,58,54,0.5178571428571429
09.09(토),광주,LG,7,12,KIA,2023,패,승,59,54,0.5221238938053098
09.10(일),광주,LG,7,8,KIA,2023,패,승,60,54,0.5263157894736842
09.12(화),대구,KIA,9,10,삼성,2023,패,승,61,54,0.5304347826086957
09.13(수),광주,롯데,3,1,KIA,2023,승,패,61,55,0.5258620689655172
09.15(금),광주,두산,8,6,KIA,2023,승,패,61,56,0.5213675213675214
09.17(일),광주,두산,8,3,KIA,2023,승,패,61,57,0.5169491525423728
09.18(월),광주,두산,8,4,KIA,2023,승,패,61,58,0.5126050420168067
09.19(화),광주,LG,4,3,KIA,2023,승,패,61,59,0.5083333333333333
09.21(목),대전,KIA,8,14,한화,2023,패,승,62,59,0.512396694214876
09.22(금),광주,KT,1,2,KIA,2023,패,승,63,59,0.5163934426229508
09.23(토),광주,KT,4,1,KIA,2023,승,패,63,60,0.5121951219512195
09.24(일),광주,KT,3,2,KIA,2023,승,패,63,61,0.5080645161290323
09.26(화),창원,KIA,6,4,NC,2023,승,패,63,62,0.504
09.27(수),창원,KIA,0,7,NC,2023,패,승,64,62,0.5079365079365079
09.27(수),창원,KIA,6,1,NC,2023,승,패,64,63,0.5039370078740157
09.28(목),창원,KIA,3,18,NC,2023,패,승,65,63,0.5078125
09.29(금),고척,KIA,13,5,키움,2023,승,패,65,64,0.5038759689922481
09.30(토),문학,KIA,3,4,SSG,2023,패,승,66,64,0.5076923076923077
10.01(일),문학,KIA,5,6,SSG,2023,패,승,67,64,0.5114503816793893
10.03(화),수원,KIA,3,1,KT,2023,승,패,67,65,0.5075757575757576
10.04(수),수원,KIA,10,2,KT,2023,승,패,67,66,0.5037593984962406
10.04(수),수원,KIA,2,3,KT,2023,패,승,68,66,0.5074626865671642
10.05(목),수원,KIA,3,5,KT,2023,패,승,69,66,0.5111111111111111
10.06(금),잠실,KIA,3,2,LG,2023,승,패,69,67,0.5073529411764706
10.08(일),광주,삼성,1,2,KIA,2023,패,승,70,67,0.5109489051094891
10.09(월),광주,삼성,1,3,KIA,2023,패,승,71,67,0.5144927536231884
10.10(화),광주,SSG,6,5,KIA,2023,승,패,71,68,0.5107913669064749
10.11(수),광주,키움,0,11,KIA,2023,패,승,72,68,0.5142857142857142
10.12(목),광주,롯데,5,6,KIA,2023,패,승,73,68,0.5177304964539007
10.13(금),잠실,KIA,1,3,두산,2023,패,승,74,68,0.5211267605633803
10.16(월),광주,NC,2,4,KIA,2023,패,승,75,68,0.5244755244755245
10.17(화),광주,NC,1,7,KIA,2023,패,승,76,68,0.5277777777777778
03.23(토),광주,키움,5,7,KIA,2024,패,승,1,0,1.0
03.26(화),광주,롯데,1,2,KIA,2024,패,승,2,0,1.0
03.27(수),광주,롯데,2,8,KIA,2024,패,승,3,0,1.0
03.29(금),잠실,KIA,4,2,두산,2024,승,패,3,1,0.75
03.30(토),잠실,KIA,0,8,두산,2024,패,승,4,1,0.8
03.31(일),잠실,KIA,9,3,두산,2024,승,패,4,2,0.6666666666666666
04.02(화),수원,KIA,6,10,KT,2024,패,승,5,2,0.7142857142857143
04.03(수),수원,KIA,5,1,KT,2024,승,패,5,3,0.625
04.04(목),수원,KIA,6,3,KT,2024,승,패,5,4,0.5555555555555556
04.05(금),광주,삼성,2,5,KIA,2024,패,승,6,4,0.6
04.06(토),광주,삼성,7,4,KIA,2024,승,패,6,5,0.5454545454545454
04.07(일),광주,삼성,7,3,KIA,2024,승,패,6,6,0.5
04.09(화),광주,LG,2,7,KIA,2024,패,승,7,6,0.5384615384615384
04.10(수),광주,LG,4,5,KIA,2024,패,승,8,6,0.5714285714285714
04.11(목),광주,LG,4,8,KIA,2024,패,승,9,6,0.6
04.12(금),대전,KIA,8,4,한화,2024,승,패,9,7,0.5625
04.13(토),대전,KIA,11,9,한화,2024,승,패,9,8,0.5294117647058824
04.14(일),대전,KIA,5,2,한화,2024,승,패,9,9,0.5
04.16(화),문학,KIA,4,6,SSG,2024,패,승,10,9,0.5263157894736842
04.17(수),문학,KIA,11,3,SSG,2024,승,패,10,10,0.5
04.18(목),문학,KIA,5,7,SSG,2024,패,승,11,10,0.5238095238095238
04.19(금),광주,NC,3,4,KIA,2024,패,승,12,10,0.5454545454545454
04.20(토),광주,NC,2,9,KIA,2024,패,승,13,10,0.5652173913043478
04.21(일),광주,NC,15,4,KIA,2024,승,패,13,11,0.5416666666666666
04.23(화),고척,KIA,5,2,키움,2024,승,패,13,12,0.52
04.24(수),고척,KIA,6,4,키움,2024,승,패,13,13,0.5
04.25(목),고척,KIA,13,2,키움,2024,승,패,13,14,0.4814814814814814
04.26(금),잠실,KIA,6,7,LG,2024,패,승,14,14,0.5
04.27(토),잠실,KIA,3,6,LG,2024,패,승,15,14,0.5172413793103449
04.28(일),잠실,KIA,10,7,LG,2024,승,패,15,15,0.5
04.30(화),광주,KT,11,4,KIA,2024,승,패,15,16,0.4838709677419355
05.01(수),광주,KT,1,9,KIA,2024,패,승,16,16,0.5
05.02(목),광주,KT,12,5,KIA,2024,승,패,16,17,0.4848484848484848
05.03(금),광주,한화,4,2,KIA,2024,승,패,16,18,0.4705882352941176
05.04(토),광주,한화,2,10,KIA,2024,패,승,17,18,0.4857142857142857
05.08(수),대구,KIA,4,2,삼성,2024,승,패,17,19,0.4722222222222222
05.09(목),대구,KIA,2,5,삼성,2024,패,승,18,19,0.4864864864864865
05.10(금),광주,SSG,4,2,KIA,2024,승,패,18,20,0.4736842105263157
05.12(일),광주,SSG,2,3,KIA,2024,패,승,19,20,0.4871794871794871
05.12(일),광주,SSG,10,6,KIA,2024,승,패,19,21,0.475
05.14(화),광주,두산,8,5,KIA,2024,승,패,19,22,0.4634146341463415
05.15(수),광주,두산,4,8,KIA,2024,패,승,20,22,0.4761904761904761
05.16(목),광주,두산,7,7,KIA,2024,무,무,20,23,0.4651162790697674
05.17(금),창원,KIA,7,4,NC,2024,승,패,20,24,0.4545454545454545
05.18(토),창원,KIA,7,2,NC,2024,승,패,20,25,0.4444444444444444
05.19(일),창원,KIA,2,1,NC,2024,승,패,20,26,0.4347826086956521
05.21(화),사직,KIA,1,6,롯데,2024,패,승,21,26,0.4468085106382978
05.22(수),사직,KIA,2,4,롯데,2024,패,승,22,26,0.4583333333333333
05.23(목),사직,KIA,6,10,롯데,2024,패,승,23,26,0.4693877551020408
05.24(금),광주,두산,7,5,KIA,2024,승,패,23,27,0.46
05.25(토),광주,두산,2,6,KIA,2024,패,승,24,27,0.4705882352941176
05.26(일),광주,두산,2,5,KIA,2024,패,승,25,27,0.4807692307692308
05.28(화),창원,KIA,11,8,NC,2024,승,패,25,28,0.4716981132075472
05.29(수),창원,KIA,6,3,NC,2024,승,패,25,29,0.4629629629629629
05.30(목),창원,KIA,11,2,NC,2024,승,패,25,30,0.4545454545454545
05.31(금),광주,KT,8,5,KIA,2024,승,패,25,31,0.4464285714285714
06.01(토),광주,KT,2,4,KIA,2024,패,승,26,31,0.4561403508771929
06.02(일),광주,KT,11,3,KIA,2024,승,패,26,32,0.4482758620689655
06.04(화),광주,롯데,6,0,KIA,2024,승,패,26,33,0.4406779661016949
06.05(수),광주,롯데,9,3,KIA,2024,승,패,26,34,0.4333333333333333
06.06(목),광주,롯데,4,5,KIA,2024,패,승,27,34,0.4426229508196721
06.07(금),잠실,KIA,5,6,두산,2024,패,승,28,34,0.4516129032258064
06.08(토),잠실,KIA,8,9,두산,2024,패,승,29,34,0.4603174603174603
06.09(일),잠실,KIA,8,2,두산,2024,승,패,29,35,0.453125
06.11(화),문학,KIA,6,7,SSG,2024,패,승,30,35,0.4615384615384615
06.12(수),문학,KIA,13,7,SSG,2024,승,패,30,36,0.4545454545454545
06.13(목),문학,KIA,1,7,SSG,2024,패,승,31,36,0.4626865671641791
06.14(금),수원,KIA,11,1,KT,2024,승,패,31,37,0.4558823529411764
06.15(토),수원,KIA,2,1,KT,2024,승,패,31,38,0.4492753623188406
06.16(일),수원,KIA,3,1,KT,2024,승,패,31,39,0.4428571428571428
06.18(화),광주,LG,4,11,KIA,2024,패,승,32,39,0.4507042253521127
06.19(수),광주,LG,7,5,KIA,2024,승,패,32,40,0.4444444444444444
06.20(목),광주,LG,5,6,KIA,2024,패,승,33,40,0.4520547945205479
06.21(금),광주,한화,3,8,KIA,2024,패,승,34,40,0.4594594594594595
06.23(일),광주,한화,9,8,KIA,2024,승,패,34,41,0.4533333333333333
06.23(일),광주,한화,1,4,KIA,2024,패,승,35,41,0.4605263157894737
06.25(화),사직,KIA,15,15,롯데,2024,무,무,35,42,0.4545454545454545
06.26(수),사직,KIA,4,6,롯데,2024,패,승,36,42,0.4615384615384615
06.27(목),사직,KIA,2,11,롯데,2024,패,승,37,42,0.4683544303797468
06.28(금),광주,키움,17,6,KIA,2024,승,패,37,43,0.4625
07.02(화),대구,KIA,9,5,삼성,2024,승,패,37,44,0.4567901234567901
07.03(수),대구,KIA,6,4,삼성,2024,승,패,37,45,0.4512195121951219
07.04(목),대구,KIA,8,3,삼성,2024,승,패,37,46,0.4457831325301205
07.09(화),잠실,KIA,11,4,LG,2024,승,패,37,47,0.4404761904761904
07.10(수),잠실,KIA,5,2,LG,2024,승,패,37,48,0.4352941176470588
07.11(목),잠실,KIA,4,2,LG,2024,승,패,37,49,0.4302325581395348
07.12(금),광주,SSG,14,6,KIA,2024,승,패,37,50,0.425287356321839
07.13(토),광주,SSG,15,9,KIA,2024,승,패,37,51,0.4204545454545454
07.14(일),광주,SSG,4,13,KIA,2024,패,승,38,51,0.4269662921348314
07.17(수),광주,삼성,5,10,KIA,2024,패,승,39,51,0.4333333333333333
07.18(목),광주,삼성,4,10,KIA,2024,패,승,40,51,0.4395604395604395
07.19(금),대전,KIA,7,3,한화,2024,승,패,40,52,0.4347826086956521
07.20(토),대전,KIA,8,4,한화,2024,승,패,40,53,0.4301075268817204
07.21(일),대전,KIA,8,7,한화,2024,승,패,40,54,0.425531914893617
07.23(화),광주,NC,1,8,KIA,2024,패,승,41,54,0.431578947368421
07.24(수),광주,NC,0,7,KIA,2024,패,승,42,54,0.4375
07.25(목),광주,NC,7,4,KIA,2024,승,패,42,55,0.4329896907216495
07.26(금),고척,KIA,4,5,키움,2024,패,승,43,55,0.4387755102040816
07.27(토),고척,KIA,5,6,키움,2024,패,승,44,55,0.4444444444444444
07.28(일),고척,KIA,4,3,키움,2024,승,패,44,56,0.44
07.30(화),광주,두산,12,7,KIA,2024,승,패,44,57,0.4356435643564356
07.31(수),광주,두산,30,6,KIA,2024,승,패,44,58,0.4313725490196078
08.01(목),광주,두산,1,0,KIA,2024,승,패,44,59,0.4271844660194174
08.02(금),대전,KIA,3,10,한화,2024,패,승,45,59,0.4326923076923077
08.03(토),대전,KIA,7,3,한화,2024,승,패,45,60,0.4285714285714285
08.06(화),광주,KT,0,2,KIA,2024,패,승,46,60,0.4339622641509434
08.07(수),광주,KT,13,2,KIA,2024,승,패,46,61,0.4299065420560747
08.08(목),광주,KT,1,0,KIA,2024,승,패,46,62,0.4259259259259259
08.09(금),광주,삼성,8,9,KIA,2024,패,승,47,62,0.4311926605504587
08.11(일),광주,삼성,5,4,KIA,2024,승,패,47,63,0.4272727272727272
08.13(화),고척,KIA,2,0,키움,2024,승,패,47,64,0.4234234234234234
08.14(수),고척,KIA,1,2,키움,2024,패,승,48,64,0.4285714285714285
08.15(목),고척,KIA,12,1,키움,2024,승,패,48,65,0.4247787610619469
08.16(금),잠실,KIA,3,2,LG,2024,승,패,48,66,0.4210526315789473
08.17(토),잠실,KIA,14,4,LG,2024,승,패,48,67,0.417391304347826
08.18(일),잠실,KIA,4,0,LG,2024,승,패,48,68,0.4137931034482758
08.21(수),광주,롯데,5,6,KIA,2024,패,승,49,68,0.4188034188034188
08.22(목),광주,롯데,4,6,KIA,2024,패,승,50,68,0.423728813559322
08.23(금),창원,KIA,4,17,NC,2024,패,승,51,68,0.4285714285714285
08.24(토),창원,KIA,2,0,NC,2024,승,패,51,69,0.425
08.25(일),창원,KIA,2,8,NC,2024,패,승,52,69,0.4297520661157025
08.27(화),광주,SSG,4,10,KIA,2024,패,승,53,69,0.4344262295081967
08.28(수),광주,SSG,6,7,KIA,2024,패,승,54,69,0.4390243902439024
08.29(목),광주,SSG,10,4,KIA,2024,승,패,54,70,0.4354838709677419
08.31(토),대구,KIA,15,13,삼성,2024,승,패,54,71,0.432
09.01(일),대구,KIA,6,5,삼성,2024,승,패,54,72,0.4285714285714285
09.03(화),광주,LG,5,7,KIA,2024,패,승,55,72,0.4330708661417323
09.04(수),광주,한화,5,4,KIA,2024,승,패,55,73,0.4296875
09.05(목),광주,한화,3,4,KIA,2024,패,승,56,73,0.4341085271317829
09.06(금),광주,키움,0,14,KIA,2024,패,승,57,73,0.4384615384615384
09.07(토),광주,키움,2,6,KIA,2024,패,승,58,73,0.4427480916030534
09.08(일),광주,키움,2,5,KIA,2024,패,승,59,73,0.4469696969696969
09.12(목),광주,롯데,0,10,KIA,2024,패,승,60,73,0.4511278195488721
09.14(토),광주,키움,2,3,KIA,2024,패,승,61,73,0.4552238805970149
09.15(일),광주,키움,10,5,KIA,2024,승,패,61,74,0.4518518518518518
09.16(월),수원,KIA,11,5,KT,2024,승,패,61,75,0.4485294117647059
09.17(화),문학,KIA,0,2,SSG,2024,패,승,62,75,0.4525547445255474
09.19(목),잠실,KIA,4,9,두산,2024,패,승,63,75,0.4565217391304347
09.23(월),광주,삼성,3,5,KIA,2024,패,승,64,75,0.460431654676259
09.24(화),광주,삼성,1,7,KIA,2024,패,승,65,75,0.4642857142857143
09.25(수),광주,롯데,5,2,KIA,2024,승,패,65,76,0.4609929078014184
09.27(금),대전,KIA,0,8,한화,2024,패,승,66,76,0.4647887323943662
09.28(토),사직,KIA,12,8,롯데,2024,승,패,66,77,0.4615384615384615
09.30(월),광주,NC,5,10,KIA,2024,패,승,67,77,0.4652777777777778
